/*
 Navicat Premium Data Transfer

 Source Server         : 148.70.67.204
 Source Server Type    : MySQL
 Source Server Version : 50642
 Source Host           : 148.70.67.204:3306
 Source Schema         : monitor2

 Target Server Type    : MySQL
 Target Server Version : 50642
 File Encoding         : 65001

 Date: 28/02/2019 09:53:16
*/

SET NAMES utf8mb4;
SET FOREIGN_KEY_CHECKS = 0;

-- ----------------------------
-- Table structure for cart
-- ----------------------------
DROP TABLE IF EXISTS `cart`;
CREATE TABLE `cart` (
  `serial` int(255) NOT NULL AUTO_INCREMENT COMMENT '自增长编号',
  `user_id` varchar(11) CHARACTER SET utf8mb4 DEFAULT NULL COMMENT '用户ID',
  `user_name` varchar(255) DEFAULT NULL COMMENT '用户名',
  `offer_id` int(11) DEFAULT NULL COMMENT '销售品ID',
  `offer_name` varchar(255) DEFAULT NULL COMMENT '销售品名称',
  `start_date` date DEFAULT NULL COMMENT '开始时间',
  `end_date` date DEFAULT NULL COMMENT '结束时间',
  `record_time` datetime DEFAULT NULL COMMENT '添加时间',
  `count_num` int(11) DEFAULT NULL COMMENT '数量',
  PRIMARY KEY (`serial`) USING BTREE
) ENGINE=InnoDB AUTO_INCREMENT=3 DEFAULT CHARSET=utf8 COMMENT='购物车';

-- ----------------------------
-- Records of cart
-- ----------------------------
BEGIN;
INSERT INTO `cart` VALUES (2, NULL, '15012345678', 31100000, '上门安装', NULL, NULL, '2019-02-27 20:21:41', 1);
COMMIT;

-- ----------------------------
-- Table structure for contact
-- ----------------------------
DROP TABLE IF EXISTS `contact`;
CREATE TABLE `contact` (
  `contactid` int(16) NOT NULL AUTO_INCREMENT COMMENT '主键',
  `contactuser` varchar(64) DEFAULT NULL COMMENT '联系人',
  `contactphone` varchar(64) DEFAULT NULL COMMENT '联系人电话',
  `contactmail` varchar(64) DEFAULT NULL COMMENT '联系人邮件',
  `remark` varchar(255) DEFAULT NULL COMMENT '备注',
  PRIMARY KEY (`contactid`) USING BTREE
) ENGINE=InnoDB DEFAULT CHARSET=utf8;

-- ----------------------------
-- Table structure for dictionary
-- ----------------------------
DROP TABLE IF EXISTS `dictionary`;
CREATE TABLE `dictionary` (
  `DICTIONARY_ID` int(16) NOT NULL COMMENT '字典表唯一标识',
  `ATTR_NAME` varchar(255) DEFAULT NULL COMMENT '属性映射',
  `ATTR_DESC` varchar(255) DEFAULT NULL COMMENT '属性描述',
  PRIMARY KEY (`DICTIONARY_ID`) USING BTREE
) ENGINE=InnoDB DEFAULT CHARSET=utf8;

-- ----------------------------
-- Records of dictionary
-- ----------------------------
BEGIN;
INSERT INTO `dictionary` VALUES (1001, '缩略图地址', '商品列表缩略图地址');
INSERT INTO `dictionary` VALUES (1002, '图片地址', '商品详情产品图地址');
INSERT INTO `dictionary` VALUES (1003, '产品状态', '是否安装,是否生效');
INSERT INTO `dictionary` VALUES (1004, '联系人', '可选通知联系人');
INSERT INTO `dictionary` VALUES (1006, '价格单位', '用于表示商品价格的单位');
COMMIT;

-- ----------------------------
-- Table structure for offer
-- ----------------------------
DROP TABLE IF EXISTS `offer`;
CREATE TABLE `offer` (
  `OFFER_ID` int(16) NOT NULL COMMENT '记录套餐标志。 主要有：1-组合套餐，2-单一套餐，3-基础销售品，0-品牌类销售品',
  `COMMODITY_TYPE` int(11) DEFAULT NULL COMMENT '商品类型；商品、附属商品、组合商品',
  `OFFER_TYPE` varchar(10) DEFAULT NULL COMMENT '销售品类型',
  `OFFER_NAME` varchar(250) DEFAULT NULL COMMENT '销售品名称',
  `OFFER_NBR` varchar(30) DEFAULT NULL COMMENT '记录销售品业务编码',
  `OFFER_DESC` varchar(4000) DEFAULT NULL COMMENT '记录销售品名称',
  `EFF_DATE` datetime DEFAULT NULL COMMENT '记录生效时间',
  `EXP_DATE` datetime DEFAULT NULL COMMENT '记录失效日期',
  `PRICING` double(9,0) DEFAULT NULL COMMENT '定价',
  `REMARK` varchar(2000) DEFAULT NULL COMMENT '备注',
  `MANAGE_REGION_ID` int(16) DEFAULT NULL COMMENT '记录销售品的管理区域，如省级区域、集团级区域，来源COMMON_REGION_ID。',
  `STATUS_CD` varchar(10) DEFAULT NULL COMMENT '记录销售品状态',
  `CREATE_STAFF` int(16) DEFAULT NULL COMMENT '记录创建的员工',
  `UPDATE_STAFF` int(16) DEFAULT NULL COMMENT '记录修改的员工',
  `CREATE_DATE` datetime DEFAULT NULL COMMENT '记录创建的时间',
  `STATUS_DATE` datetime DEFAULT NULL COMMENT '状态变更的时间',
  `UPDATE_DATE` datetime DEFAULT NULL COMMENT '记录修改的时间',
  PRIMARY KEY (`OFFER_ID`) USING BTREE
) ENGINE=InnoDB DEFAULT CHARSET=utf8 COMMENT='销售品';

-- ----------------------------
-- Records of offer
-- ----------------------------
BEGIN;
INSERT INTO `offer` VALUES (20000000, 1, 'M', '主机监控套餐', NULL, '对主机进行监控', NULL, NULL, 50, NULL, 1, '已上架', NULL, NULL, NULL, NULL, NULL);
INSERT INTO `offer` VALUES (21000000, 1, 'M', '主机监控', NULL, '对主机监控', NULL, NULL, 20, NULL, 1, '已上架', NULL, NULL, NULL, NULL, NULL);
INSERT INTO `offer` VALUES (31000000, 1, 'A', '增值服务加装包', NULL, '用来选择增值服务', NULL, NULL, 0, NULL, 1, '已上架', NULL, NULL, NULL, NULL, NULL);
INSERT INTO `offer` VALUES (31100000, 1, 'A', '上门安装', NULL, '提供和上门安装服务', NULL, NULL, 128, NULL, 1, '已上架', NULL, NULL, NULL, NULL, NULL);
INSERT INTO `offer` VALUES (31200000, 1, 'A', '在线安装', NULL, '提供在线安装服务', NULL, NULL, 128, NULL, NULL, NULL, NULL, NULL, NULL, NULL, NULL);
INSERT INTO `offer` VALUES (31300000, 1, 'A', '在线服务', NULL, '提供在线服务', NULL, NULL, 128, NULL, NULL, NULL, NULL, NULL, NULL, NULL, NULL);
COMMIT;

-- ----------------------------
-- Table structure for offer_attr
-- ----------------------------
DROP TABLE IF EXISTS `offer_attr`;
CREATE TABLE `offer_attr` (
  `OFFER_ATTR_ID` int(9) NOT NULL COMMENT '销售品属性的主键',
  `OFFER_ID` int(16) NOT NULL COMMENT '销售品ID',
  `PAR_OFFER_ATTR_ID` int(9) DEFAULT NULL COMMENT '父级销售品属性标识，如果没有父级的情况，填入默认值-1',
  `ATTR_ID` int(16) DEFAULT NULL COMMENT '属性规格业务编码,根据编码表映射属性名',
  `DEFAULT_VALUE` varchar(255) DEFAULT NULL COMMENT '默认值',
  `OBJ_TYPE` varchar(10) DEFAULT NULL COMMENT '作用对象类型',
  `OBJ_ID` int(16) DEFAULT NULL COMMENT '作用对象标识，属主标识，譬如，某个event，某个产品等',
  `MIN_VALUE` varchar(30) DEFAULT NULL COMMENT '记录最小值',
  `MAX_VALUE` varchar(30) DEFAULT NULL COMMENT '记录最大值',
  `APPLY_REGION_ID` int(16) DEFAULT NULL COMMENT '适用区域标识',
  `STATUS_CD` varchar(10) DEFAULT NULL COMMENT '记录状态',
  `CREATE_STAFF` int(16) DEFAULT NULL COMMENT '记录创建的员工',
  `UPDATE_STAFF` int(16) DEFAULT NULL COMMENT '记录修改的员工',
  `CREATE_DATE` datetime DEFAULT NULL COMMENT '记录创建时间。',
  `STATUS_DATE` datetime DEFAULT NULL COMMENT '状态变更的时间',
  `UPDATE_DATE` datetime DEFAULT NULL COMMENT '记录修改的时间',
  PRIMARY KEY (`OFFER_ATTR_ID`) USING BTREE
) ENGINE=InnoDB DEFAULT CHARSET=utf8 COMMENT='销售品属性';

-- ----------------------------
-- Records of offer_attr
-- ----------------------------
BEGIN;
INSERT INTO `offer_attr` VALUES (2, 31000000, 20000000, 1001, '/icon/zj.png', NULL, NULL, NULL, NULL, 1, '已上架', NULL, NULL, NULL, NULL, NULL);
INSERT INTO `offer_attr` VALUES (3, 21000000, 20000000, 1001, '/icon/sm.png', NULL, NULL, NULL, NULL, 1, '已上架', NULL, NULL, NULL, NULL, NULL);
INSERT INTO `offer_attr` VALUES (5, 20000000, NULL, 1001, '/icon/sm.png', NULL, NULL, NULL, NULL, 1, '已上架', NULL, NULL, NULL, NULL, NULL);
INSERT INTO `offer_attr` VALUES (6, 31100000, NULL, 1001, '/icon/zj.png', NULL, NULL, NULL, NULL, NULL, NULL, NULL, NULL, NULL, NULL, NULL);
INSERT INTO `offer_attr` VALUES (7, 31200000, NULL, 1001, '/icon/zj.png', NULL, NULL, NULL, NULL, NULL, NULL, NULL, NULL, NULL, NULL, NULL);
INSERT INTO `offer_attr` VALUES (8, 31300000, NULL, 1001, '/icon/zj.png', NULL, NULL, NULL, NULL, NULL, NULL, NULL, NULL, NULL, NULL, NULL);
INSERT INTO `offer_attr` VALUES (9, 31000000, 20000000, 1002, 'https://timgsa.baidu.com/timg?image&quality=80&size=b9999_10000&sec=1548414262317&di=901454007fe2528a295d783c2e623b15&imgtype=0&src=http%3A%2F%2Fpic165.nipic.com%2Ffile%2F20180518%2F10673188_213842226082_2.jpg', NULL, NULL, NULL, NULL, 1, '已上架', NULL, NULL, NULL, NULL, NULL);
INSERT INTO `offer_attr` VALUES (10, 21000000, 20000000, 1002, 'https://timgsa.baidu.com/timg?image&quality=80&size=b9999_10000&sec=1548414262317&di=901454007fe2528a295d783c2e623b15&imgtype=0&src=http%3A%2F%2Fpic165.nipic.com%2Ffile%2F20180518%2F10673188_213842226082_2.jpg\n', NULL, NULL, NULL, NULL, 1, '已上架', NULL, NULL, NULL, NULL, NULL);
INSERT INTO `offer_attr` VALUES (11, 20000000, NULL, 1002, 'https://timgsa.baidu.com/timg?image&quality=80&size=b9999_10000&sec=1548414262317&di=901454007fe2528a295d783c2e623b15&imgtype=0&src=http%3A%2F%2Fpic165.nipic.com%2Ffile%2F20180518%2F10673188_213842226082_2.jpg', NULL, NULL, NULL, NULL, 1, '已上架', NULL, NULL, NULL, NULL, NULL);
INSERT INTO `offer_attr` VALUES (12, 31100000, NULL, 1002, 'https://timgsa.baidu.com/timg?image&quality=80&size=b9999_10000&sec=1548414262317&di=901454007fe2528a295d783c2e623b15&imgtype=0&src=http%3A%2F%2Fpic165.nipic.com%2Ffile%2F20180518%2F10673188_213842226082_2.jpg', NULL, NULL, NULL, NULL, NULL, NULL, NULL, NULL, NULL, NULL, NULL);
INSERT INTO `offer_attr` VALUES (13, 31200000, NULL, 1002, 'https://timgsa.baidu.com/timg?image&quality=80&size=b9999_10000&sec=1548414262317&di=901454007fe2528a295d783c2e623b15&imgtype=0&src=http%3A%2F%2Fpic165.nipic.com%2Ffile%2F20180518%2F10673188_213842226082_2.jpg', NULL, NULL, NULL, NULL, NULL, NULL, NULL, NULL, NULL, NULL, NULL);
INSERT INTO `offer_attr` VALUES (14, 31300000, NULL, 1002, 'https://timgsa.baidu.com/timg?image&quality=80&size=b9999_10000&sec=1548414262317&di=901454007fe2528a295d783c2e623b15&imgtype=0&src=http%3A%2F%2Fpic165.nipic.com%2Ffile%2F20180518%2F10673188_213842226082_2.jpg', NULL, NULL, NULL, NULL, NULL, NULL, NULL, NULL, NULL, NULL, NULL);
INSERT INTO `offer_attr` VALUES (15, 20000000, NULL, 1006, '台/天', NULL, NULL, NULL, NULL, NULL, NULL, NULL, NULL, NULL, NULL, NULL);
INSERT INTO `offer_attr` VALUES (16, 31000000, NULL, 1006, '次', NULL, NULL, NULL, NULL, NULL, NULL, NULL, NULL, NULL, NULL, NULL);
INSERT INTO `offer_attr` VALUES (17, 21000000, NULL, 1006, '台/天', NULL, NULL, NULL, NULL, NULL, NULL, NULL, NULL, NULL, NULL, NULL);
INSERT INTO `offer_attr` VALUES (18, 31100000, NULL, 1006, '次', NULL, NULL, NULL, NULL, NULL, NULL, NULL, NULL, NULL, NULL, NULL);
INSERT INTO `offer_attr` VALUES (19, 31200000, NULL, 1006, '次', NULL, NULL, NULL, NULL, NULL, NULL, NULL, NULL, NULL, NULL, NULL);
INSERT INTO `offer_attr` VALUES (20, 31300000, NULL, 1006, '次', NULL, NULL, NULL, NULL, NULL, NULL, NULL, NULL, NULL, NULL, NULL);
COMMIT;

-- ----------------------------
-- Table structure for offer_inst
-- ----------------------------
DROP TABLE IF EXISTS `offer_inst`;
CREATE TABLE `offer_inst` (
  `OFFER_INST_ID` int(16) NOT NULL AUTO_INCREMENT COMMENT '主键',
  `OFFER_ID` int(16) DEFAULT NULL COMMENT '销售品ID',
  `CUST_ID` varchar(250) DEFAULT NULL COMMENT '客户ID',
  `OFFER_INST_TYPE` varchar(10) DEFAULT NULL COMMENT '实例类型',
  `OFFER_INST_NAME` varchar(250) DEFAULT NULL COMMENT '实例名称',
  `CUST_ORDER_ID` int(16) DEFAULT NULL COMMENT '订单ID',
  `CUST_ORDER_NBR` varchar(30) DEFAULT NULL COMMENT '订单流水号',
  `EFF_DATE` datetime DEFAULT NULL COMMENT '记录生效时间',
  `EXP_DATE` datetime DEFAULT NULL COMMENT '记录失效日期',
  `REMARK` varchar(2000) DEFAULT NULL COMMENT '备注',
  `STATUS_CD` varchar(10) NOT NULL COMMENT '记录状态',
  `CREATE_STAFF` int(16) DEFAULT NULL COMMENT '记录创建的员工',
  `UPDATE_STAFF` int(16) DEFAULT NULL COMMENT '记录修改的员工',
  `CREATE_DATE` datetime DEFAULT NULL COMMENT '记录创建的时间',
  `STATUS_DATE` datetime DEFAULT NULL COMMENT '状态变更的时间',
  `UPDATE_DATE` datetime DEFAULT NULL COMMENT '记录修改的时间',
  PRIMARY KEY (`OFFER_INST_ID`) USING BTREE
) ENGINE=InnoDB AUTO_INCREMENT=262 DEFAULT CHARSET=utf8 COMMENT='销售品实例';

-- ----------------------------
-- Records of offer_inst
-- ----------------------------
BEGIN;
INSERT INTO `offer_inst` VALUES (246, 21000000, '15012345678', 'M', '主机监控', NULL, '20190226152637', '2019-02-28 00:00:00', '2019-03-15 00:00:00', NULL, '0', NULL, NULL, NULL, NULL, NULL);
INSERT INTO `offer_inst` VALUES (247, 31000000, '15012345678', 'A', '增值服务加装包', NULL, '20190226152637', '2019-02-28 00:00:00', '2019-03-15 00:00:00', NULL, '0', NULL, NULL, NULL, NULL, NULL);
INSERT INTO `offer_inst` VALUES (248, 20000000, '15012345678', 'M', '主机监控套餐', NULL, '20190226152637', '2019-02-28 00:00:00', '2019-03-15 00:00:00', NULL, '0', NULL, NULL, NULL, NULL, NULL);
INSERT INTO `offer_inst` VALUES (249, 21000000, '15012345678', 'M', '主机监控', NULL, '20190226152637', '2019-02-27 00:00:00', '2019-03-06 00:00:00', NULL, '0', NULL, NULL, NULL, NULL, NULL);
INSERT INTO `offer_inst` VALUES (250, 31100000, '15012345678', 'A', '上门安装', NULL, '20190226160003', NULL, NULL, NULL, '0', NULL, NULL, NULL, NULL, NULL);
INSERT INTO `offer_inst` VALUES (251, 31200000, '15012345678', 'A', '在线安装', NULL, '20190226160003', NULL, NULL, NULL, '0', NULL, NULL, NULL, NULL, NULL);
INSERT INTO `offer_inst` VALUES (252, 21000000, '15012345678', 'M', '主机监控', NULL, '20190226164030', '2019-02-27 00:00:00', '2019-03-08 00:00:00', NULL, '0', NULL, NULL, NULL, NULL, NULL);
INSERT INTO `offer_inst` VALUES (253, 31000000, '15012345678', 'A', '增值服务加装包', NULL, '20190226164030', '2019-02-27 00:00:00', '2019-03-08 00:00:00', NULL, '0', NULL, NULL, NULL, NULL, NULL);
INSERT INTO `offer_inst` VALUES (254, 20000000, '15012345678', 'M', '主机监控套餐', NULL, '20190226164030', '2019-02-27 00:00:00', '2019-03-08 00:00:00', NULL, '0', NULL, NULL, NULL, NULL, NULL);
INSERT INTO `offer_inst` VALUES (255, 21000000, '15012345679', 'M', '主机监控', NULL, '20190226165657', '2019-02-26 00:00:00', '2019-02-28 00:00:00', NULL, '0', NULL, NULL, NULL, NULL, NULL);
INSERT INTO `offer_inst` VALUES (256, 31000000, '15012345679', 'A', '增值服务加装包', NULL, '20190226165657', '2019-02-26 00:00:00', '2019-02-28 00:00:00', NULL, '0', NULL, NULL, NULL, NULL, NULL);
INSERT INTO `offer_inst` VALUES (257, 20000000, '15012345679', 'M', '主机监控套餐', NULL, '20190226165657', '2019-02-26 00:00:00', '2019-02-28 00:00:00', NULL, '0', NULL, NULL, NULL, NULL, NULL);
INSERT INTO `offer_inst` VALUES (258, 31100000, '15012345679', 'A', '上门安装', NULL, '20190226165657', NULL, NULL, NULL, '0', NULL, NULL, NULL, NULL, NULL);
INSERT INTO `offer_inst` VALUES (259, 21000000, '15012345678', 'M', '主机监控', NULL, '20190227140846', '2019-02-27 00:00:00', '2019-03-01 00:00:00', NULL, '0', NULL, NULL, NULL, NULL, NULL);
INSERT INTO `offer_inst` VALUES (260, 31000000, '15012345678', 'A', '增值服务加装包', NULL, '20190227140846', '2019-02-27 00:00:00', '2019-03-01 00:00:00', NULL, '0', NULL, NULL, NULL, NULL, NULL);
INSERT INTO `offer_inst` VALUES (261, 20000000, '15012345678', 'M', '主机监控套餐', NULL, '20190227140846', '2019-02-27 00:00:00', '2019-03-01 00:00:00', NULL, '0', NULL, NULL, NULL, NULL, NULL);
COMMIT;

-- ----------------------------
-- Table structure for offer_inst_attr
-- ----------------------------
DROP TABLE IF EXISTS `offer_inst_attr`;
CREATE TABLE `offer_inst_attr` (
  `OFFER_INST_ATTR_ID` int(16) NOT NULL AUTO_INCREMENT COMMENT '主键',
  `OFFER_ID` int(16) DEFAULT NULL COMMENT '销售品ID',
  `CUST_ID` varchar(250) DEFAULT NULL COMMENT '客户ID',
  `OFFER_INST_ID` int(16) DEFAULT NULL COMMENT '商品实例ID',
  `ATTR_ID` int(16) DEFAULT NULL COMMENT '属性编码',
  `ATTR_VAL` varchar(250) DEFAULT NULL COMMENT '属性值',
  `CUST_ORDER_ID` int(16) DEFAULT NULL COMMENT '订单ID',
  `CUST_ORDER_NBR` varchar(30) DEFAULT NULL COMMENT '订单流水号',
  `EFF_DATE` datetime DEFAULT NULL COMMENT '记录生效时间',
  `EXP_DATE` datetime DEFAULT NULL COMMENT '记录失效日期',
  `REMARK` varchar(2000) DEFAULT NULL COMMENT '备注',
  `STATUS_CD` varchar(10) NOT NULL COMMENT '记录状态',
  `CREATE_STAFF` int(16) DEFAULT NULL COMMENT '记录创建的员工',
  `UPDATE_STAFF` int(16) DEFAULT NULL COMMENT '记录修改的员工',
  `CREATE_DATE` datetime DEFAULT NULL COMMENT '记录创建的时间',
  `STATUS_DATE` datetime DEFAULT NULL COMMENT '状态变更的时间',
  `UPDATE_DATE` datetime DEFAULT NULL COMMENT '记录修改的时间',
  PRIMARY KEY (`OFFER_INST_ATTR_ID`) USING BTREE
) ENGINE=InnoDB AUTO_INCREMENT=500 DEFAULT CHARSET=utf8 COMMENT='销售品实例属性';

-- ----------------------------
-- Records of offer_inst_attr
-- ----------------------------
BEGIN;
INSERT INTO `offer_inst_attr` VALUES (452, 21000000, '15012345678', 246, 1001, '/icon/sm.png', NULL, '20190226152637', '2019-02-28 00:00:00', '2019-03-15 00:00:00', NULL, '0', NULL, NULL, NULL, NULL, NULL);
INSERT INTO `offer_inst_attr` VALUES (453, 21000000, '15012345678', 246, 1002, 'https://timgsa.baidu.com/timg?image&quality=80&size=b9999_10000&sec=1548414262317&di=901454007fe2528a295d783c2e623b15&imgtype=0&src=http%3A%2F%2Fpic165.nipic.com%2Ffile%2F20180518%2F10673188_213842226082_2.jpg\n', NULL, '20190226152637', '2019-02-28 00:00:00', '2019-03-15 00:00:00', NULL, '0', NULL, NULL, NULL, NULL, NULL);
INSERT INTO `offer_inst_attr` VALUES (454, 21000000, '15012345678', 246, 1006, '台/天', NULL, '20190226152637', '2019-02-28 00:00:00', '2019-03-15 00:00:00', NULL, '0', NULL, NULL, NULL, NULL, NULL);
INSERT INTO `offer_inst_attr` VALUES (455, 31000000, '15012345678', 247, 1001, '/icon/zj.png', NULL, '20190226152637', '2019-02-28 00:00:00', '2019-03-15 00:00:00', NULL, '0', NULL, NULL, NULL, NULL, NULL);
INSERT INTO `offer_inst_attr` VALUES (456, 31000000, '15012345678', 247, 1002, 'https://timgsa.baidu.com/timg?image&quality=80&size=b9999_10000&sec=1548414262317&di=901454007fe2528a295d783c2e623b15&imgtype=0&src=http%3A%2F%2Fpic165.nipic.com%2Ffile%2F20180518%2F10673188_213842226082_2.jpg', NULL, '20190226152637', '2019-02-28 00:00:00', '2019-03-15 00:00:00', NULL, '0', NULL, NULL, NULL, NULL, NULL);
INSERT INTO `offer_inst_attr` VALUES (457, 31000000, '15012345678', 247, 1006, '次', NULL, '20190226152637', '2019-02-28 00:00:00', '2019-03-15 00:00:00', NULL, '0', NULL, NULL, NULL, NULL, NULL);
INSERT INTO `offer_inst_attr` VALUES (458, 20000000, '15012345678', 248, 1001, '/icon/sm.png', NULL, '20190226152637', '2019-02-28 00:00:00', '2019-03-15 00:00:00', NULL, '0', NULL, NULL, NULL, NULL, NULL);
INSERT INTO `offer_inst_attr` VALUES (459, 20000000, '15012345678', 248, 1002, 'https://timgsa.baidu.com/timg?image&quality=80&size=b9999_10000&sec=1548414262317&di=901454007fe2528a295d783c2e623b15&imgtype=0&src=http%3A%2F%2Fpic165.nipic.com%2Ffile%2F20180518%2F10673188_213842226082_2.jpg', NULL, '20190226152637', '2019-02-28 00:00:00', '2019-03-15 00:00:00', NULL, '0', NULL, NULL, NULL, NULL, NULL);
INSERT INTO `offer_inst_attr` VALUES (460, 20000000, '15012345678', 248, 1006, '台/天', NULL, '20190226152637', '2019-02-28 00:00:00', '2019-03-15 00:00:00', NULL, '0', NULL, NULL, NULL, NULL, NULL);
INSERT INTO `offer_inst_attr` VALUES (461, 21000000, '15012345678', 249, 1001, '/icon/sm.png', NULL, '20190226152637', '2019-02-27 00:00:00', '2019-03-06 00:00:00', NULL, '0', NULL, NULL, NULL, NULL, NULL);
INSERT INTO `offer_inst_attr` VALUES (462, 21000000, '15012345678', 249, 1002, 'https://timgsa.baidu.com/timg?image&quality=80&size=b9999_10000&sec=1548414262317&di=901454007fe2528a295d783c2e623b15&imgtype=0&src=http%3A%2F%2Fpic165.nipic.com%2Ffile%2F20180518%2F10673188_213842226082_2.jpg\n', NULL, '20190226152637', '2019-02-27 00:00:00', '2019-03-06 00:00:00', NULL, '0', NULL, NULL, NULL, NULL, NULL);
INSERT INTO `offer_inst_attr` VALUES (463, 21000000, '15012345678', 249, 1006, '台/天', NULL, '20190226152637', '2019-02-27 00:00:00', '2019-03-06 00:00:00', NULL, '0', NULL, NULL, NULL, NULL, NULL);
INSERT INTO `offer_inst_attr` VALUES (464, 31100000, '15012345678', 250, 1001, '/icon/zj.png', NULL, '20190226160003', NULL, NULL, NULL, '0', NULL, NULL, NULL, NULL, NULL);
INSERT INTO `offer_inst_attr` VALUES (465, 31100000, '15012345678', 250, 1002, 'https://timgsa.baidu.com/timg?image&quality=80&size=b9999_10000&sec=1548414262317&di=901454007fe2528a295d783c2e623b15&imgtype=0&src=http%3A%2F%2Fpic165.nipic.com%2Ffile%2F20180518%2F10673188_213842226082_2.jpg', NULL, '20190226160003', NULL, NULL, NULL, '0', NULL, NULL, NULL, NULL, NULL);
INSERT INTO `offer_inst_attr` VALUES (466, 31100000, '15012345678', 250, 1006, '次', NULL, '20190226160003', NULL, NULL, NULL, '0', NULL, NULL, NULL, NULL, NULL);
INSERT INTO `offer_inst_attr` VALUES (467, 31200000, '15012345678', 251, 1001, '/icon/zj.png', NULL, '20190226160003', NULL, NULL, NULL, '0', NULL, NULL, NULL, NULL, NULL);
INSERT INTO `offer_inst_attr` VALUES (468, 31200000, '15012345678', 251, 1002, 'https://timgsa.baidu.com/timg?image&quality=80&size=b9999_10000&sec=1548414262317&di=901454007fe2528a295d783c2e623b15&imgtype=0&src=http%3A%2F%2Fpic165.nipic.com%2Ffile%2F20180518%2F10673188_213842226082_2.jpg', NULL, '20190226160003', NULL, NULL, NULL, '0', NULL, NULL, NULL, NULL, NULL);
INSERT INTO `offer_inst_attr` VALUES (469, 31200000, '15012345678', 251, 1006, '次', NULL, '20190226160003', NULL, NULL, NULL, '0', NULL, NULL, NULL, NULL, NULL);
INSERT INTO `offer_inst_attr` VALUES (470, 21000000, '15012345678', 252, 1001, '/icon/sm.png', NULL, '20190226164030', '2019-02-27 00:00:00', '2019-03-08 00:00:00', NULL, '0', NULL, NULL, NULL, NULL, NULL);
INSERT INTO `offer_inst_attr` VALUES (471, 21000000, '15012345678', 252, 1002, 'https://timgsa.baidu.com/timg?image&quality=80&size=b9999_10000&sec=1548414262317&di=901454007fe2528a295d783c2e623b15&imgtype=0&src=http%3A%2F%2Fpic165.nipic.com%2Ffile%2F20180518%2F10673188_213842226082_2.jpg\n', NULL, '20190226164030', '2019-02-27 00:00:00', '2019-03-08 00:00:00', NULL, '0', NULL, NULL, NULL, NULL, NULL);
INSERT INTO `offer_inst_attr` VALUES (472, 21000000, '15012345678', 252, 1006, '台/天', NULL, '20190226164030', '2019-02-27 00:00:00', '2019-03-08 00:00:00', NULL, '0', NULL, NULL, NULL, NULL, NULL);
INSERT INTO `offer_inst_attr` VALUES (473, 31000000, '15012345678', 253, 1001, '/icon/zj.png', NULL, '20190226164030', '2019-02-27 00:00:00', '2019-03-08 00:00:00', NULL, '0', NULL, NULL, NULL, NULL, NULL);
INSERT INTO `offer_inst_attr` VALUES (474, 31000000, '15012345678', 253, 1002, 'https://timgsa.baidu.com/timg?image&quality=80&size=b9999_10000&sec=1548414262317&di=901454007fe2528a295d783c2e623b15&imgtype=0&src=http%3A%2F%2Fpic165.nipic.com%2Ffile%2F20180518%2F10673188_213842226082_2.jpg', NULL, '20190226164030', '2019-02-27 00:00:00', '2019-03-08 00:00:00', NULL, '0', NULL, NULL, NULL, NULL, NULL);
INSERT INTO `offer_inst_attr` VALUES (475, 31000000, '15012345678', 253, 1006, '次', NULL, '20190226164030', '2019-02-27 00:00:00', '2019-03-08 00:00:00', NULL, '0', NULL, NULL, NULL, NULL, NULL);
INSERT INTO `offer_inst_attr` VALUES (476, 20000000, '15012345678', 254, 1001, '/icon/sm.png', NULL, '20190226164030', '2019-02-27 00:00:00', '2019-03-08 00:00:00', NULL, '0', NULL, NULL, NULL, NULL, NULL);
INSERT INTO `offer_inst_attr` VALUES (477, 20000000, '15012345678', 254, 1002, 'https://timgsa.baidu.com/timg?image&quality=80&size=b9999_10000&sec=1548414262317&di=901454007fe2528a295d783c2e623b15&imgtype=0&src=http%3A%2F%2Fpic165.nipic.com%2Ffile%2F20180518%2F10673188_213842226082_2.jpg', NULL, '20190226164030', '2019-02-27 00:00:00', '2019-03-08 00:00:00', NULL, '0', NULL, NULL, NULL, NULL, NULL);
INSERT INTO `offer_inst_attr` VALUES (478, 20000000, '15012345678', 254, 1006, '台/天', NULL, '20190226164030', '2019-02-27 00:00:00', '2019-03-08 00:00:00', NULL, '0', NULL, NULL, NULL, NULL, NULL);
INSERT INTO `offer_inst_attr` VALUES (479, 21000000, '15012345679', 255, 1001, '/icon/sm.png', NULL, '20190226165657', '2019-02-26 00:00:00', '2019-02-28 00:00:00', NULL, '0', NULL, NULL, NULL, NULL, NULL);
INSERT INTO `offer_inst_attr` VALUES (480, 21000000, '15012345679', 255, 1002, 'https://timgsa.baidu.com/timg?image&quality=80&size=b9999_10000&sec=1548414262317&di=901454007fe2528a295d783c2e623b15&imgtype=0&src=http%3A%2F%2Fpic165.nipic.com%2Ffile%2F20180518%2F10673188_213842226082_2.jpg\n', NULL, '20190226165657', '2019-02-26 00:00:00', '2019-02-28 00:00:00', NULL, '0', NULL, NULL, NULL, NULL, NULL);
INSERT INTO `offer_inst_attr` VALUES (481, 21000000, '15012345679', 255, 1006, '台/天', NULL, '20190226165657', '2019-02-26 00:00:00', '2019-02-28 00:00:00', NULL, '0', NULL, NULL, NULL, NULL, NULL);
INSERT INTO `offer_inst_attr` VALUES (482, 31000000, '15012345679', 256, 1001, '/icon/zj.png', NULL, '20190226165657', '2019-02-26 00:00:00', '2019-02-28 00:00:00', NULL, '0', NULL, NULL, NULL, NULL, NULL);
INSERT INTO `offer_inst_attr` VALUES (483, 31000000, '15012345679', 256, 1002, 'https://timgsa.baidu.com/timg?image&quality=80&size=b9999_10000&sec=1548414262317&di=901454007fe2528a295d783c2e623b15&imgtype=0&src=http%3A%2F%2Fpic165.nipic.com%2Ffile%2F20180518%2F10673188_213842226082_2.jpg', NULL, '20190226165657', '2019-02-26 00:00:00', '2019-02-28 00:00:00', NULL, '0', NULL, NULL, NULL, NULL, NULL);
INSERT INTO `offer_inst_attr` VALUES (484, 31000000, '15012345679', 256, 1006, '次', NULL, '20190226165657', '2019-02-26 00:00:00', '2019-02-28 00:00:00', NULL, '0', NULL, NULL, NULL, NULL, NULL);
INSERT INTO `offer_inst_attr` VALUES (485, 20000000, '15012345679', 257, 1001, '/icon/sm.png', NULL, '20190226165657', '2019-02-26 00:00:00', '2019-02-28 00:00:00', NULL, '0', NULL, NULL, NULL, NULL, NULL);
INSERT INTO `offer_inst_attr` VALUES (486, 20000000, '15012345679', 257, 1002, 'https://timgsa.baidu.com/timg?image&quality=80&size=b9999_10000&sec=1548414262317&di=901454007fe2528a295d783c2e623b15&imgtype=0&src=http%3A%2F%2Fpic165.nipic.com%2Ffile%2F20180518%2F10673188_213842226082_2.jpg', NULL, '20190226165657', '2019-02-26 00:00:00', '2019-02-28 00:00:00', NULL, '0', NULL, NULL, NULL, NULL, NULL);
INSERT INTO `offer_inst_attr` VALUES (487, 20000000, '15012345679', 257, 1006, '台/天', NULL, '20190226165657', '2019-02-26 00:00:00', '2019-02-28 00:00:00', NULL, '0', NULL, NULL, NULL, NULL, NULL);
INSERT INTO `offer_inst_attr` VALUES (488, 31100000, '15012345679', 258, 1001, '/icon/zj.png', NULL, '20190226165657', NULL, NULL, NULL, '0', NULL, NULL, NULL, NULL, NULL);
INSERT INTO `offer_inst_attr` VALUES (489, 31100000, '15012345679', 258, 1002, 'https://timgsa.baidu.com/timg?image&quality=80&size=b9999_10000&sec=1548414262317&di=901454007fe2528a295d783c2e623b15&imgtype=0&src=http%3A%2F%2Fpic165.nipic.com%2Ffile%2F20180518%2F10673188_213842226082_2.jpg', NULL, '20190226165657', NULL, NULL, NULL, '0', NULL, NULL, NULL, NULL, NULL);
INSERT INTO `offer_inst_attr` VALUES (490, 31100000, '15012345679', 258, 1006, '次', NULL, '20190226165657', NULL, NULL, NULL, '0', NULL, NULL, NULL, NULL, NULL);
INSERT INTO `offer_inst_attr` VALUES (491, 21000000, '15012345678', 259, 1001, '/icon/sm.png', NULL, '20190227140846', '2019-02-27 00:00:00', '2019-03-01 00:00:00', NULL, '0', NULL, NULL, NULL, NULL, NULL);
INSERT INTO `offer_inst_attr` VALUES (492, 21000000, '15012345678', 259, 1002, 'https://timgsa.baidu.com/timg?image&quality=80&size=b9999_10000&sec=1548414262317&di=901454007fe2528a295d783c2e623b15&imgtype=0&src=http%3A%2F%2Fpic165.nipic.com%2Ffile%2F20180518%2F10673188_213842226082_2.jpg\n', NULL, '20190227140846', '2019-02-27 00:00:00', '2019-03-01 00:00:00', NULL, '0', NULL, NULL, NULL, NULL, NULL);
INSERT INTO `offer_inst_attr` VALUES (493, 21000000, '15012345678', 259, 1006, '台/天', NULL, '20190227140846', '2019-02-27 00:00:00', '2019-03-01 00:00:00', NULL, '0', NULL, NULL, NULL, NULL, NULL);
INSERT INTO `offer_inst_attr` VALUES (494, 31000000, '15012345678', 260, 1001, '/icon/zj.png', NULL, '20190227140846', '2019-02-27 00:00:00', '2019-03-01 00:00:00', NULL, '0', NULL, NULL, NULL, NULL, NULL);
INSERT INTO `offer_inst_attr` VALUES (495, 31000000, '15012345678', 260, 1002, 'https://timgsa.baidu.com/timg?image&quality=80&size=b9999_10000&sec=1548414262317&di=901454007fe2528a295d783c2e623b15&imgtype=0&src=http%3A%2F%2Fpic165.nipic.com%2Ffile%2F20180518%2F10673188_213842226082_2.jpg', NULL, '20190227140846', '2019-02-27 00:00:00', '2019-03-01 00:00:00', NULL, '0', NULL, NULL, NULL, NULL, NULL);
INSERT INTO `offer_inst_attr` VALUES (496, 31000000, '15012345678', 260, 1006, '次', NULL, '20190227140846', '2019-02-27 00:00:00', '2019-03-01 00:00:00', NULL, '0', NULL, NULL, NULL, NULL, NULL);
INSERT INTO `offer_inst_attr` VALUES (497, 20000000, '15012345678', 261, 1001, '/icon/sm.png', NULL, '20190227140846', '2019-02-27 00:00:00', '2019-03-01 00:00:00', NULL, '0', NULL, NULL, NULL, NULL, NULL);
INSERT INTO `offer_inst_attr` VALUES (498, 20000000, '15012345678', 261, 1002, 'https://timgsa.baidu.com/timg?image&quality=80&size=b9999_10000&sec=1548414262317&di=901454007fe2528a295d783c2e623b15&imgtype=0&src=http%3A%2F%2Fpic165.nipic.com%2Ffile%2F20180518%2F10673188_213842226082_2.jpg', NULL, '20190227140846', '2019-02-27 00:00:00', '2019-03-01 00:00:00', NULL, '0', NULL, NULL, NULL, NULL, NULL);
INSERT INTO `offer_inst_attr` VALUES (499, 20000000, '15012345678', 261, 1006, '台/天', NULL, '20190227140846', '2019-02-27 00:00:00', '2019-03-01 00:00:00', NULL, '0', NULL, NULL, NULL, NULL, NULL);
COMMIT;

-- ----------------------------
-- Table structure for offer_inst_rel
-- ----------------------------
DROP TABLE IF EXISTS `offer_inst_rel`;
CREATE TABLE `offer_inst_rel` (
  `OFFER_INST_REL_ID` int(16) NOT NULL AUTO_INCREMENT COMMENT '销售品实例关联主键',
  `OFFER_INST_ID` int(16) DEFAULT NULL COMMENT '销售品实例ID',
  `PAR_OFFER_INST_ID` int(16) DEFAULT NULL COMMENT '父销售品实例ID',
  `CUST_ID` varchar(255) DEFAULT NULL,
  `OFFER_ID` int(16) DEFAULT NULL,
  `PAR_OFFER_ID` int(16) DEFAULT NULL,
  `EFF_DATE` datetime DEFAULT NULL COMMENT '生效时间',
  `EXP_DATE` datetime DEFAULT NULL COMMENT '失效时间',
  `ROLE_ID` int(16) DEFAULT NULL COMMENT '角色标识',
  `STATUS_CD` varchar(10) NOT NULL COMMENT '记录状态',
  `CREATE_STAFF` int(16) DEFAULT NULL COMMENT '记录创建的员工',
  `UPDATE_STAFF` int(16) DEFAULT NULL COMMENT '记录修改的员工',
  `CREATE_DATE` datetime DEFAULT NULL COMMENT '记录创建的时间',
  `UPDATE_DATE` datetime DEFAULT NULL COMMENT '记录修改的时间',
  `STATUS_DATE` datetime DEFAULT NULL COMMENT '状态修改的时间',
  `REMARK` varchar(2000) DEFAULT NULL COMMENT '备注',
  PRIMARY KEY (`OFFER_INST_REL_ID`) USING BTREE
) ENGINE=InnoDB AUTO_INCREMENT=209 DEFAULT CHARSET=utf8 COMMENT='销售品实例关系';

-- ----------------------------
-- Records of offer_inst_rel
-- ----------------------------
BEGIN;
INSERT INTO `offer_inst_rel` VALUES (165, 185, 187, '13011223344', 21000000, 20000000, '2019-01-30 00:00:00', '2019-01-30 00:00:00', NULL, '已上架', NULL, NULL, NULL, NULL, NULL, NULL);
INSERT INTO `offer_inst_rel` VALUES (166, 186, 187, '13011223344', 31000000, 20000000, '2019-01-30 00:00:00', '2019-01-30 00:00:00', NULL, '已上架', NULL, NULL, NULL, NULL, NULL, NULL);
INSERT INTO `offer_inst_rel` VALUES (167, 192, 194, '15012345678', 21000000, 20000000, '2019-02-22 00:00:00', '2019-02-22 00:00:00', NULL, '已上架', NULL, NULL, NULL, NULL, NULL, NULL);
INSERT INTO `offer_inst_rel` VALUES (168, 193, 194, '15012345678', 31000000, 20000000, '2019-02-22 00:00:00', '2019-02-22 00:00:00', NULL, '已上架', NULL, NULL, NULL, NULL, NULL, NULL);
INSERT INTO `offer_inst_rel` VALUES (169, 195, 197, '15012345678', 21000000, 20000000, '2019-02-22 00:00:00', '2019-02-22 00:00:00', NULL, '已上架', NULL, NULL, NULL, NULL, NULL, NULL);
INSERT INTO `offer_inst_rel` VALUES (170, 196, 197, '15012345678', 31000000, 20000000, '2019-02-22 00:00:00', '2019-02-22 00:00:00', NULL, '已上架', NULL, NULL, NULL, NULL, NULL, NULL);
INSERT INTO `offer_inst_rel` VALUES (171, 198, 200, '15012345678', 21000000, 20000000, '2019-02-22 00:00:00', '2019-02-22 00:00:00', NULL, '已上架', NULL, NULL, NULL, NULL, NULL, NULL);
INSERT INTO `offer_inst_rel` VALUES (172, 199, 200, '15012345678', 31000000, 20000000, '2019-02-22 00:00:00', '2019-02-22 00:00:00', NULL, '已上架', NULL, NULL, NULL, NULL, NULL, NULL);
INSERT INTO `offer_inst_rel` VALUES (173, 201, 203, '15012345678', 21000000, 20000000, '2019-02-22 00:00:00', '2019-02-22 00:00:00', NULL, '已上架', NULL, NULL, NULL, NULL, NULL, NULL);
INSERT INTO `offer_inst_rel` VALUES (174, 202, 203, '15012345678', 31000000, 20000000, '2019-02-22 00:00:00', '2019-02-22 00:00:00', NULL, '已上架', NULL, NULL, NULL, NULL, NULL, NULL);
INSERT INTO `offer_inst_rel` VALUES (175, 204, 206, '15012345678', 21000000, 20000000, '2019-02-22 00:00:00', '2019-02-22 00:00:00', NULL, '已上架', NULL, NULL, NULL, NULL, NULL, NULL);
INSERT INTO `offer_inst_rel` VALUES (176, 205, 206, '15012345678', 31000000, 20000000, '2019-02-22 00:00:00', '2019-02-22 00:00:00', NULL, '已上架', NULL, NULL, NULL, NULL, NULL, NULL);
INSERT INTO `offer_inst_rel` VALUES (177, 207, 209, '15012345678', 21000000, 20000000, '2019-02-22 00:00:00', '2019-02-22 00:00:00', NULL, '已上架', NULL, NULL, NULL, NULL, NULL, NULL);
INSERT INTO `offer_inst_rel` VALUES (178, 208, 209, '15012345678', 31000000, 20000000, '2019-02-22 00:00:00', '2019-02-22 00:00:00', NULL, '已上架', NULL, NULL, NULL, NULL, NULL, NULL);
INSERT INTO `offer_inst_rel` VALUES (179, 210, 212, '15012345678', 21000000, 20000000, '2019-02-22 00:00:00', '2019-02-22 00:00:00', NULL, '已上架', NULL, NULL, NULL, NULL, NULL, NULL);
INSERT INTO `offer_inst_rel` VALUES (180, 211, 212, '15012345678', 31000000, 20000000, '2019-02-22 00:00:00', '2019-02-22 00:00:00', NULL, '已上架', NULL, NULL, NULL, NULL, NULL, NULL);
INSERT INTO `offer_inst_rel` VALUES (181, 213, 215, '15012345678', 21000000, 20000000, '2019-02-22 00:00:00', '2019-02-22 00:00:00', NULL, '已上架', NULL, NULL, NULL, NULL, NULL, NULL);
INSERT INTO `offer_inst_rel` VALUES (182, 214, 215, '15012345678', 31000000, 20000000, '2019-02-22 00:00:00', '2019-02-22 00:00:00', NULL, '已上架', NULL, NULL, NULL, NULL, NULL, NULL);
INSERT INTO `offer_inst_rel` VALUES (183, 216, 218, '15012345678', 21000000, 20000000, '2019-02-22 00:00:00', '2019-02-22 00:00:00', NULL, '已上架', NULL, NULL, NULL, NULL, NULL, NULL);
INSERT INTO `offer_inst_rel` VALUES (184, 217, 218, '15012345678', 31000000, 20000000, '2019-02-22 00:00:00', '2019-02-22 00:00:00', NULL, '已上架', NULL, NULL, NULL, NULL, NULL, NULL);
INSERT INTO `offer_inst_rel` VALUES (185, 219, 221, '15012345678', 21000000, 20000000, '2019-02-22 00:00:00', '2019-02-22 00:00:00', NULL, '已上架', NULL, NULL, NULL, NULL, NULL, NULL);
INSERT INTO `offer_inst_rel` VALUES (186, 220, 221, '15012345678', 31000000, 20000000, '2019-02-22 00:00:00', '2019-02-22 00:00:00', NULL, '已上架', NULL, NULL, NULL, NULL, NULL, NULL);
INSERT INTO `offer_inst_rel` VALUES (187, 222, 224, '15012345678', 21000000, 20000000, '2019-02-22 00:00:00', '2019-02-22 00:00:00', NULL, '已上架', NULL, NULL, NULL, NULL, NULL, NULL);
INSERT INTO `offer_inst_rel` VALUES (188, 223, 224, '15012345678', 31000000, 20000000, '2019-02-22 00:00:00', '2019-02-22 00:00:00', NULL, '已上架', NULL, NULL, NULL, NULL, NULL, NULL);
INSERT INTO `offer_inst_rel` VALUES (189, 225, 227, '15012345678', 21000000, 20000000, '2019-02-22 00:00:00', '2019-02-22 00:00:00', NULL, '已上架', NULL, NULL, NULL, NULL, NULL, NULL);
INSERT INTO `offer_inst_rel` VALUES (190, 226, 227, '15012345678', 31000000, 20000000, '2019-02-22 00:00:00', '2019-02-22 00:00:00', NULL, '已上架', NULL, NULL, NULL, NULL, NULL, NULL);
INSERT INTO `offer_inst_rel` VALUES (191, 228, 230, '15012345678', 21000000, 20000000, '2019-02-22 00:00:00', '2019-02-22 00:00:00', NULL, '已上架', NULL, NULL, NULL, NULL, NULL, NULL);
INSERT INTO `offer_inst_rel` VALUES (192, 229, 230, '15012345678', 31000000, 20000000, '2019-02-22 00:00:00', '2019-02-22 00:00:00', NULL, '已上架', NULL, NULL, NULL, NULL, NULL, NULL);
INSERT INTO `offer_inst_rel` VALUES (193, 231, 233, '15012345678', 21000000, 20000000, '2019-02-22 00:00:00', '2019-02-22 00:00:00', NULL, '已上架', NULL, NULL, NULL, NULL, NULL, NULL);
INSERT INTO `offer_inst_rel` VALUES (194, 232, 233, '15012345678', 31000000, 20000000, '2019-02-22 00:00:00', '2019-02-22 00:00:00', NULL, '已上架', NULL, NULL, NULL, NULL, NULL, NULL);
INSERT INTO `offer_inst_rel` VALUES (195, 234, 236, '15012345678', 21000000, 20000000, '2019-02-22 00:00:00', '2019-02-22 00:00:00', NULL, '已上架', NULL, NULL, NULL, NULL, NULL, NULL);
INSERT INTO `offer_inst_rel` VALUES (196, 235, 236, '15012345678', 31000000, 20000000, '2019-02-22 00:00:00', '2019-02-22 00:00:00', NULL, '已上架', NULL, NULL, NULL, NULL, NULL, NULL);
INSERT INTO `offer_inst_rel` VALUES (197, 237, 239, '15012345678', 21000000, 20000000, '2019-02-05 00:00:00', '2019-02-09 00:00:00', NULL, '已上架', NULL, NULL, NULL, NULL, NULL, NULL);
INSERT INTO `offer_inst_rel` VALUES (198, 238, 239, '15012345678', 31000000, 20000000, '2019-02-05 00:00:00', '2019-02-09 00:00:00', NULL, '已上架', NULL, NULL, NULL, NULL, NULL, NULL);
INSERT INTO `offer_inst_rel` VALUES (199, 243, 245, '15012345678', 21000000, 20000000, '2019-02-27 00:00:00', '2019-03-21 00:00:00', NULL, '已上架', NULL, NULL, NULL, NULL, NULL, NULL);
INSERT INTO `offer_inst_rel` VALUES (200, 244, 245, '15012345678', 31000000, 20000000, '2019-02-27 00:00:00', '2019-03-21 00:00:00', NULL, '已上架', NULL, NULL, NULL, NULL, NULL, NULL);
INSERT INTO `offer_inst_rel` VALUES (201, 246, 248, '15012345678', 21000000, 20000000, '2019-02-28 00:00:00', '2019-03-15 00:00:00', NULL, '已上架', NULL, NULL, NULL, NULL, NULL, NULL);
INSERT INTO `offer_inst_rel` VALUES (202, 247, 248, '15012345678', 31000000, 20000000, '2019-02-28 00:00:00', '2019-03-15 00:00:00', NULL, '已上架', NULL, NULL, NULL, NULL, NULL, NULL);
INSERT INTO `offer_inst_rel` VALUES (203, 252, 254, '15012345678', 21000000, 20000000, '2019-02-27 00:00:00', '2019-03-08 00:00:00', NULL, '已上架', NULL, NULL, NULL, NULL, NULL, NULL);
INSERT INTO `offer_inst_rel` VALUES (204, 253, 254, '15012345678', 31000000, 20000000, '2019-02-27 00:00:00', '2019-03-08 00:00:00', NULL, '已上架', NULL, NULL, NULL, NULL, NULL, NULL);
INSERT INTO `offer_inst_rel` VALUES (205, 255, 257, '15012345679', 21000000, 20000000, '2019-02-26 00:00:00', '2019-02-28 00:00:00', NULL, '已上架', NULL, NULL, NULL, NULL, NULL, NULL);
INSERT INTO `offer_inst_rel` VALUES (206, 256, 257, '15012345679', 31000000, 20000000, '2019-02-26 00:00:00', '2019-02-28 00:00:00', NULL, '已上架', NULL, NULL, NULL, NULL, NULL, NULL);
INSERT INTO `offer_inst_rel` VALUES (207, 259, 261, '15012345678', 21000000, 20000000, '2019-02-27 00:00:00', '2019-03-01 00:00:00', NULL, '已上架', NULL, NULL, NULL, NULL, NULL, NULL);
INSERT INTO `offer_inst_rel` VALUES (208, 260, 261, '15012345678', 31000000, 20000000, '2019-02-27 00:00:00', '2019-03-01 00:00:00', NULL, '已上架', NULL, NULL, NULL, NULL, NULL, NULL);
COMMIT;

-- ----------------------------
-- Table structure for offer_prod_inst_rel
-- ----------------------------
DROP TABLE IF EXISTS `offer_prod_inst_rel`;
CREATE TABLE `offer_prod_inst_rel` (
  `OFFER_PROD_INST_REL_ID` int(16) NOT NULL AUTO_INCREMENT COMMENT '销售品产品实例关联主键',
  `CUST_ID` varchar(255) DEFAULT NULL,
  `OFFER_ID` int(16) DEFAULT NULL,
  `PROD_ID` int(16) DEFAULT NULL,
  `OFFER_INST_ID` int(16) DEFAULT NULL COMMENT '销售品实例ID',
  `PROD_INST_ID` int(16) DEFAULT NULL COMMENT '产品实例ID',
  `EFF_DATE` datetime DEFAULT NULL COMMENT '生效时间',
  `EXP_DATE` datetime DEFAULT NULL COMMENT '失效时间',
  `ROLE_ID` int(16) DEFAULT NULL COMMENT '角色标识',
  `STATUS_CD` varchar(10) NOT NULL COMMENT '记录状态',
  `CREATE_STAFF` int(16) DEFAULT NULL COMMENT '记录创建的员工',
  `UPDATE_STAFF` int(16) DEFAULT NULL COMMENT '记录修改的员工',
  `CREATE_DATE` datetime DEFAULT NULL COMMENT '记录创建的时间',
  `UPDATE_DATE` datetime DEFAULT NULL COMMENT '记录修改的时间',
  `STATUS_DATE` datetime DEFAULT NULL COMMENT '状态修改的时间',
  `REMARK` varchar(2000) DEFAULT NULL COMMENT '备注',
  PRIMARY KEY (`OFFER_PROD_INST_REL_ID`) USING BTREE
) ENGINE=InnoDB AUTO_INCREMENT=312 DEFAULT CHARSET=utf8 COMMENT='销售品产品实例关系';

-- ----------------------------
-- Records of offer_prod_inst_rel
-- ----------------------------
BEGIN;
INSERT INTO `offer_prod_inst_rel` VALUES (301, '15012345678', 21000000, 21000001, 246, 225, NULL, NULL, NULL, '0', NULL, NULL, NULL, NULL, NULL, NULL);
INSERT INTO `offer_prod_inst_rel` VALUES (302, '15012345678', 21000000, 21000001, 249, 226, NULL, NULL, NULL, '0', NULL, NULL, NULL, NULL, NULL, NULL);
INSERT INTO `offer_prod_inst_rel` VALUES (303, '15012345678', 31100000, 31000001, 250, 227, NULL, NULL, NULL, '0', NULL, NULL, NULL, NULL, NULL, NULL);
INSERT INTO `offer_prod_inst_rel` VALUES (304, '15012345678', 31200000, 31000002, 251, 228, NULL, NULL, NULL, '0', NULL, NULL, NULL, NULL, NULL, NULL);
INSERT INTO `offer_prod_inst_rel` VALUES (305, '15012345678', 21000000, 21000001, 252, 229, NULL, NULL, NULL, '0', NULL, NULL, NULL, NULL, NULL, NULL);
INSERT INTO `offer_prod_inst_rel` VALUES (306, '15012345678', 31000000, 31000003, 253, 230, NULL, NULL, NULL, '0', NULL, NULL, NULL, NULL, NULL, NULL);
INSERT INTO `offer_prod_inst_rel` VALUES (307, '15012345679', 21000000, 21000001, 255, 231, NULL, NULL, NULL, '0', NULL, NULL, NULL, NULL, NULL, NULL);
INSERT INTO `offer_prod_inst_rel` VALUES (308, '15012345679', 31000000, 31000003, 256, 232, NULL, NULL, NULL, '0', NULL, NULL, NULL, NULL, NULL, NULL);
INSERT INTO `offer_prod_inst_rel` VALUES (309, '15012345679', 31100000, 31000001, 258, 233, NULL, NULL, NULL, '0', NULL, NULL, NULL, NULL, NULL, NULL);
INSERT INTO `offer_prod_inst_rel` VALUES (310, '15012345678', 21000000, 21000001, 259, 234, NULL, NULL, NULL, '0', NULL, NULL, NULL, NULL, NULL, NULL);
INSERT INTO `offer_prod_inst_rel` VALUES (311, '15012345678', 31000000, 31000003, 260, 235, NULL, NULL, NULL, '0', NULL, NULL, NULL, NULL, NULL, NULL);
COMMIT;

-- ----------------------------
-- Table structure for offer_prod_rel
-- ----------------------------
DROP TABLE IF EXISTS `offer_prod_rel`;
CREATE TABLE `offer_prod_rel` (
  `OFFER_PROD_REL_ID` int(16) NOT NULL AUTO_INCREMENT COMMENT '销售品产品关联主键',
  `PAR_OFFER_PROD_REL_ID` int(16) DEFAULT '-1' COMMENT '记录表达同一个销售品功能产品构成适用的接入产品构成关系。',
  `OFFER_ID` int(16) DEFAULT NULL COMMENT '销售品ID',
  `PROD_ID` int(16) DEFAULT NULL COMMENT '产品ID',
  `REL_TYPE` varchar(10) DEFAULT NULL COMMENT '销售品产品关系类型',
  `EFF_DATE` datetime DEFAULT NULL COMMENT '生效时间',
  `EXP_DATE` datetime DEFAULT NULL COMMENT '失效时间',
  `ROLE_ID` int(16) DEFAULT NULL COMMENT '角色标识',
  `APPLY_REGION_ID` int(16) DEFAULT NULL COMMENT '适用区域标识',
  `STATUS_CD` varchar(10) DEFAULT NULL COMMENT '记录状态',
  `CREATE_STAFF` int(16) DEFAULT NULL COMMENT '记录创建的员工',
  `UPDATE_STAFF` int(16) DEFAULT NULL COMMENT '记录修改的员工',
  `CREATE_DATE` datetime DEFAULT NULL COMMENT '记录创建的时间',
  `UPDATE_DATE` datetime DEFAULT NULL COMMENT '记录修改的时间',
  `STATUS_DATE` datetime DEFAULT NULL COMMENT '状态修改的时间',
  `REMARK` varchar(2000) DEFAULT NULL COMMENT '备注',
  PRIMARY KEY (`OFFER_PROD_REL_ID`) USING BTREE
) ENGINE=InnoDB AUTO_INCREMENT=8 DEFAULT CHARSET=utf8 COMMENT='表达销售品产品构成关系';

-- ----------------------------
-- Records of offer_prod_rel
-- ----------------------------
BEGIN;
INSERT INTO `offer_prod_rel` VALUES (1, -1, 21000000, 21000001, 'M', NULL, NULL, NULL, 1, '已上架', NULL, NULL, NULL, NULL, NULL, NULL);
INSERT INTO `offer_prod_rel` VALUES (2, -1, 31000000, 31000001, 'A', NULL, NULL, NULL, 1, '已上架', NULL, NULL, NULL, NULL, NULL, NULL);
INSERT INTO `offer_prod_rel` VALUES (3, -1, 31000000, 31000002, 'A', NULL, NULL, NULL, 1, '已上架', NULL, NULL, NULL, NULL, NULL, NULL);
INSERT INTO `offer_prod_rel` VALUES (4, -1, 31000000, 31000003, 'A', NULL, NULL, NULL, NULL, NULL, NULL, NULL, NULL, NULL, NULL, NULL);
INSERT INTO `offer_prod_rel` VALUES (5, -1, 31100000, 31000001, 'M', NULL, NULL, NULL, NULL, NULL, NULL, NULL, NULL, NULL, NULL, NULL);
INSERT INTO `offer_prod_rel` VALUES (6, -1, 31200000, 31000002, 'M', NULL, NULL, NULL, NULL, NULL, NULL, NULL, NULL, NULL, NULL, NULL);
INSERT INTO `offer_prod_rel` VALUES (7, -1, 31300000, 31000003, 'M', NULL, NULL, NULL, NULL, NULL, NULL, NULL, NULL, NULL, NULL, NULL);
COMMIT;

-- ----------------------------
-- Table structure for offer_rel
-- ----------------------------
DROP TABLE IF EXISTS `offer_rel`;
CREATE TABLE `offer_rel` (
  `OFFER_REL_ID` int(16) NOT NULL COMMENT '销售品关系主键',
  `OFFER_ID` int(16) NOT NULL COMMENT '销售品ID',
  `PAR_OFFER_ID` int(16) NOT NULL,
  `ROLE_ID` int(16) DEFAULT NULL COMMENT '角色标识',
  `REL_TYPE` varchar(10) DEFAULT NULL COMMENT '销售品关系类型',
  `EFF_DATE` datetime DEFAULT NULL COMMENT '关联关系的生效时间',
  `EXP_DATE` datetime DEFAULT NULL COMMENT '关联关系的失效时间',
  `APPLY_REGION_ID` int(16) NOT NULL COMMENT '记录适用的区域范围，来源COMMON_REGION_ID。',
  `STATUS_CD` varchar(10) NOT NULL COMMENT '记录状态',
  `CREATE_STAFF` int(16) DEFAULT NULL COMMENT '记录创建的员工',
  `UPDATE_STAFF` int(16) DEFAULT NULL COMMENT '记录修改的员工',
  `CREATE_DATE` datetime DEFAULT NULL COMMENT '记录创建的时间',
  `STATUS_DATE` datetime DEFAULT NULL COMMENT '状态变更的时间',
  `UPDATE_DATE` datetime DEFAULT NULL COMMENT '记录修改的时间',
  `REMARK` varchar(2000) DEFAULT NULL COMMENT '备注',
  PRIMARY KEY (`OFFER_REL_ID`) USING BTREE
) ENGINE=InnoDB DEFAULT CHARSET=utf8 COMMENT='定义销售品间的关系';

-- ----------------------------
-- Records of offer_rel
-- ----------------------------
BEGIN;
INSERT INTO `offer_rel` VALUES (1, 21000000, 20000000, NULL, NULL, NULL, NULL, 1, '已上架', NULL, NULL, NULL, NULL, NULL, NULL);
INSERT INTO `offer_rel` VALUES (3, 31000000, 20000000, NULL, NULL, NULL, NULL, 1, '已上架', NULL, NULL, NULL, NULL, NULL, NULL);
COMMIT;

-- ----------------------------
-- Table structure for orders
-- ----------------------------
DROP TABLE IF EXISTS `orders`;
CREATE TABLE `orders` (
  `serial` varchar(255) NOT NULL COMMENT '流水号',
  `user_id` varchar(20) CHARACTER SET utf8mb4 DEFAULT NULL COMMENT '用户',
  `user_name` varchar(1024) CHARACTER SET utf8mb4 NOT NULL COMMENT '用户名',
  `price` varchar(10) NOT NULL COMMENT '订单成交价',
  `order_date` datetime(6) NOT NULL COMMENT '下订单日期',
  `status` varchar(10) CHARACTER SET utf8mb4 NOT NULL COMMENT '订单状态',
  `order_content` varchar(1024) CHARACTER SET utf8mb4 NOT NULL COMMENT '订单内容',
  PRIMARY KEY (`serial`) USING BTREE
) ENGINE=InnoDB DEFAULT CHARSET=utf8 COMMENT='订单表';

-- ----------------------------
-- Records of orders
-- ----------------------------
BEGIN;
INSERT INTO `orders` VALUES ('1', '1', '2', '2.00', '2019-01-31 18:26:49.000000', 'A', 'A');
INSERT INTO `orders` VALUES ('20190126194905', NULL, '15012345678', 'fds', '2018-09-09 00:00:00.000000', 'A', 'dd');
INSERT INTO `orders` VALUES ('20190126195810', NULL, '15012345678', '12000', '2019-01-26 19:58:10.000000', '已结算', '{\"eFF_DATE\":\"2017-09-01\",\"eXP_DATE\":\"2017-09-01\",\"orderSubmitOfferDtoList\":[{\"addedDtoList\":[],\"oFFER_ID\":\"30000001\",\"proDtoList\":[{\"pRICING\":\"30\",\"pROD_ID\":\"20000001\"},{\"pRICING\":\"30\",\"pROD_ID\":\"20000002\"}]},{\"addedDtoList\":[{\"pRICING\":\"30\",\"pROD_ID\":\"1000000\"},{\"pRICING\":\"30\",\"pROD_ID\":\"1000000\"}],\"oFFER_ID\":\"20000001\",\"proDtoList\":[{\"pRICING\":\"30\",\"pROD_ID\":\"1000000\"}]},{\"addedDtoList\":[{\"pRICING\":\"30\",\"pROD_ID\":\"1000000\"},{\"pRICING\":\"30\",\"pROD_ID\":\"1000000\"}],\"oFFER_ID\":\"20000001\",\"proDtoList\":[{\"pRICING\":\"30\",\"pROD_ID\":\"1000000\"}]}],\"pRICING\":\"12000\",\"uSER_NAME\":\"15012345678\"}');
INSERT INTO `orders` VALUES ('20190126200044', NULL, '15012345678', '12000', '2019-01-26 20:00:44.000000', '已结算', '{\"eFF_DATE\":\"2017-09-01\",\"eXP_DATE\":\"2017-09-01\",\"orderSubmitOfferDtoList\":[{\"addedDtoList\":[],\"oFFER_ID\":\"30000001\",\"proDtoList\":[{\"pRICING\":\"30\",\"pROD_ID\":\"20000001\"},{\"pRICING\":\"30\",\"pROD_ID\":\"20000002\"}]},{\"addedDtoList\":[{\"pRICING\":\"30\",\"pROD_ID\":\"1000000\"},{\"pRICING\":\"30\",\"pROD_ID\":\"1000000\"}],\"oFFER_ID\":\"20000001\",\"proDtoList\":[{\"pRICING\":\"30\",\"pROD_ID\":\"1000000\"}]},{\"addedDtoList\":[{\"pRICING\":\"30\",\"pROD_ID\":\"1000000\"},{\"pRICING\":\"30\",\"pROD_ID\":\"1000000\"}],\"oFFER_ID\":\"20000001\",\"proDtoList\":[{\"pRICING\":\"30\",\"pROD_ID\":\"1000000\"}]}],\"pRICING\":\"12000\",\"uSER_NAME\":\"15012345678\"}');
INSERT INTO `orders` VALUES ('20190126200428', NULL, '15012345678', '12000', '2019-01-26 20:04:28.000000', '已结算', '{\"eFF_DATE\":\"2017-09-01\",\"eXP_DATE\":\"2017-09-01\",\"orderSubmitOfferDtoList\":[{\"addedDtoList\":[],\"oFFER_ID\":\"30000001\",\"proDtoList\":[{\"pRICING\":\"30\",\"pROD_ID\":\"20000001\"},{\"pRICING\":\"30\",\"pROD_ID\":\"20000002\"}]},{\"addedDtoList\":[{\"pRICING\":\"30\",\"pROD_ID\":\"1000000\"},{\"pRICING\":\"30\",\"pROD_ID\":\"1000000\"}],\"oFFER_ID\":\"20000001\",\"proDtoList\":[{\"pRICING\":\"30\",\"pROD_ID\":\"1000000\"}]},{\"addedDtoList\":[{\"pRICING\":\"30\",\"pROD_ID\":\"1000000\"},{\"pRICING\":\"30\",\"pROD_ID\":\"1000000\"}],\"oFFER_ID\":\"20000001\",\"proDtoList\":[{\"pRICING\":\"30\",\"pROD_ID\":\"1000000\"}]}],\"pRICING\":\"12000\",\"uSER_NAME\":\"15012345678\"}');
INSERT INTO `orders` VALUES ('20190126200828', NULL, '15012345678', '12000', '2019-01-26 20:08:28.000000', '已结算', '{\"eFF_DATE\":\"2017-09-01\",\"eXP_DATE\":\"2017-09-01\",\"orderSubmitOfferDtoList\":[{\"addedDtoList\":[],\"oFFER_ID\":\"30000001\",\"proDtoList\":[{\"pRICING\":\"30\",\"pROD_ID\":\"20000001\"},{\"pRICING\":\"30\",\"pROD_ID\":\"20000002\"}]},{\"addedDtoList\":[{\"pRICING\":\"30\",\"pROD_ID\":\"1000000\"},{\"pRICING\":\"30\",\"pROD_ID\":\"1000000\"}],\"oFFER_ID\":\"20000001\",\"proDtoList\":[{\"pRICING\":\"30\",\"pROD_ID\":\"1000000\"}]},{\"addedDtoList\":[{\"pRICING\":\"30\",\"pROD_ID\":\"1000000\"},{\"pRICING\":\"30\",\"pROD_ID\":\"1000000\"}],\"oFFER_ID\":\"20000001\",\"proDtoList\":[{\"pRICING\":\"30\",\"pROD_ID\":\"1000000\"}]}],\"pRICING\":\"12000\",\"uSER_NAME\":\"15012345678\"}');
INSERT INTO `orders` VALUES ('20190126201038', NULL, '15012345678', '12000', '2019-01-26 20:10:38.000000', '已结算', '{\"eFF_DATE\":\"2017-09-01\",\"eXP_DATE\":\"2017-09-01\",\"orderSubmitOfferDtoList\":[{\"addedDtoList\":[],\"oFFER_ID\":\"30000001\",\"proDtoList\":[{\"pRICING\":\"30\",\"pROD_ID\":\"20000001\"},{\"pRICING\":\"30\",\"pROD_ID\":\"20000002\"}]},{\"addedDtoList\":[{\"pRICING\":\"30\",\"pROD_ID\":\"1000000\"},{\"pRICING\":\"30\",\"pROD_ID\":\"1000000\"}],\"oFFER_ID\":\"20000001\",\"proDtoList\":[{\"pRICING\":\"30\",\"pROD_ID\":\"1000000\"}]},{\"addedDtoList\":[{\"pRICING\":\"30\",\"pROD_ID\":\"1000000\"},{\"pRICING\":\"30\",\"pROD_ID\":\"1000000\"}],\"oFFER_ID\":\"20000001\",\"proDtoList\":[{\"pRICING\":\"30\",\"pROD_ID\":\"1000000\"}]}],\"pRICING\":\"12000\",\"uSER_NAME\":\"15012345678\"}');
INSERT INTO `orders` VALUES ('20190126201149', NULL, '15012345678', '12000', '2019-01-26 20:11:49.000000', '已结算', '{\"eFF_DATE\":\"2017-09-01\",\"eXP_DATE\":\"2017-09-01\",\"orderSubmitOfferDtoList\":[{\"addedDtoList\":[],\"oFFER_ID\":\"30000001\",\"proDtoList\":[{\"pRICING\":\"30\",\"pROD_ID\":\"20000001\"},{\"pRICING\":\"30\",\"pROD_ID\":\"20000002\"}]},{\"addedDtoList\":[{\"pRICING\":\"30\",\"pROD_ID\":\"1000000\"},{\"pRICING\":\"30\",\"pROD_ID\":\"1000000\"}],\"oFFER_ID\":\"20000001\",\"proDtoList\":[{\"pRICING\":\"30\",\"pROD_ID\":\"1000000\"}]},{\"addedDtoList\":[{\"pRICING\":\"30\",\"pROD_ID\":\"1000000\"},{\"pRICING\":\"30\",\"pROD_ID\":\"1000000\"}],\"oFFER_ID\":\"20000001\",\"proDtoList\":[{\"pRICING\":\"30\",\"pROD_ID\":\"1000000\"}]}],\"pRICING\":\"12000\",\"uSER_NAME\":\"15012345678\"}');
INSERT INTO `orders` VALUES ('20190126201259', NULL, '15012345678', '12000', '2019-01-26 20:12:59.000000', '已结算', '{\"eFF_DATE\":\"2017-09-01\",\"eXP_DATE\":\"2017-09-01\",\"orderSubmitOfferDtoList\":[{\"addedDtoList\":[],\"oFFER_ID\":\"30000001\",\"proDtoList\":[{\"pRICING\":\"30\",\"pROD_ID\":\"20000001\"},{\"pRICING\":\"30\",\"pROD_ID\":\"20000002\"}]},{\"addedDtoList\":[{\"pRICING\":\"30\",\"pROD_ID\":\"1000000\"},{\"pRICING\":\"30\",\"pROD_ID\":\"1000000\"}],\"oFFER_ID\":\"20000001\",\"proDtoList\":[{\"pRICING\":\"30\",\"pROD_ID\":\"1000000\"}]},{\"addedDtoList\":[{\"pRICING\":\"30\",\"pROD_ID\":\"1000000\"},{\"pRICING\":\"30\",\"pROD_ID\":\"1000000\"}],\"oFFER_ID\":\"20000001\",\"proDtoList\":[{\"pRICING\":\"30\",\"pROD_ID\":\"1000000\"}]}],\"pRICING\":\"12000\",\"uSER_NAME\":\"15012345678\"}');
INSERT INTO `orders` VALUES ('20190126202028', NULL, '15012345678', '12000', '2019-01-26 20:20:28.000000', '已结算', '{\"eFF_DATE\":\"2017-09-01\",\"eXP_DATE\":\"2017-09-01\",\"orderSubmitOfferDtoList\":[{\"addedDtoList\":[],\"oFFER_ID\":\"30000001\",\"proDtoList\":[{\"pRICING\":\"30\",\"pROD_ID\":\"20000001\"},{\"pRICING\":\"30\",\"pROD_ID\":\"20000002\"}]},{\"addedDtoList\":[{\"pRICING\":\"30\",\"pROD_ID\":\"1000000\"},{\"pRICING\":\"30\",\"pROD_ID\":\"1000000\"}],\"oFFER_ID\":\"20000001\",\"proDtoList\":[{\"pRICING\":\"30\",\"pROD_ID\":\"1000000\"}]},{\"addedDtoList\":[{\"pRICING\":\"30\",\"pROD_ID\":\"1000000\"},{\"pRICING\":\"30\",\"pROD_ID\":\"1000000\"}],\"oFFER_ID\":\"20000001\",\"proDtoList\":[{\"pRICING\":\"30\",\"pROD_ID\":\"1000000\"}]}],\"pRICING\":\"12000\",\"uSER_NAME\":\"15012345678\"}');
INSERT INTO `orders` VALUES ('20190126202824', NULL, '15012345678', '12000', '2019-01-26 20:28:24.000000', '已结算', '{\"eFF_DATE\":\"2017-09-01\",\"eXP_DATE\":\"2017-09-01\",\"orderSubmitOfferDtoList\":[{\"addedDtoList\":[],\"oFFER_ID\":\"30000001\",\"proDtoList\":[{\"pRICING\":\"30\",\"pROD_ID\":\"20000001\"},{\"pRICING\":\"30\",\"pROD_ID\":\"20000002\"}]},{\"addedDtoList\":[{\"pRICING\":\"30\",\"pROD_ID\":\"1000000\"},{\"pRICING\":\"30\",\"pROD_ID\":\"1000000\"}],\"oFFER_ID\":\"20000001\",\"proDtoList\":[{\"pRICING\":\"30\",\"pROD_ID\":\"1000000\"}]},{\"addedDtoList\":[{\"pRICING\":\"30\",\"pROD_ID\":\"1000000\"},{\"pRICING\":\"30\",\"pROD_ID\":\"1000000\"}],\"oFFER_ID\":\"20000001\",\"proDtoList\":[{\"pRICING\":\"30\",\"pROD_ID\":\"1000000\"}]}],\"pRICING\":\"12000\",\"uSER_NAME\":\"15012345678\"}');
INSERT INTO `orders` VALUES ('20190126203204', NULL, '15012345678', '12000', '2019-01-26 20:32:04.000000', '已结算', '{\"eFF_DATE\":\"2017-09-01\",\"eXP_DATE\":\"2017-09-01\",\"orderSubmitOfferDtoList\":[{\"addedDtoList\":[],\"oFFER_ID\":\"30000001\",\"proDtoList\":[{\"pRICING\":\"30\",\"pROD_ID\":\"20000001\"},{\"pRICING\":\"30\",\"pROD_ID\":\"20000002\"}]},{\"addedDtoList\":[{\"pRICING\":\"30\",\"pROD_ID\":\"1000000\"},{\"pRICING\":\"30\",\"pROD_ID\":\"1000000\"}],\"oFFER_ID\":\"20000001\",\"proDtoList\":[{\"pRICING\":\"30\",\"pROD_ID\":\"1000000\"}]},{\"addedDtoList\":[{\"pRICING\":\"30\",\"pROD_ID\":\"1000000\"},{\"pRICING\":\"30\",\"pROD_ID\":\"1000000\"}],\"oFFER_ID\":\"20000001\",\"proDtoList\":[{\"pRICING\":\"30\",\"pROD_ID\":\"1000000\"}]}],\"pRICING\":\"12000\",\"uSER_NAME\":\"15012345678\"}');
INSERT INTO `orders` VALUES ('20190126203321', NULL, '15012345678', '12000', '2019-01-26 20:33:21.000000', '已结算', '{\"eFF_DATE\":\"2017-09-01\",\"eXP_DATE\":\"2017-09-01\",\"orderSubmitOfferDtoList\":[{\"addedDtoList\":[],\"oFFER_ID\":\"30000001\",\"proDtoList\":[{\"pRICING\":\"30\",\"pROD_ID\":\"20000001\"},{\"pRICING\":\"30\",\"pROD_ID\":\"20000002\"}]},{\"addedDtoList\":[{\"pRICING\":\"30\",\"pROD_ID\":\"1000000\"},{\"pRICING\":\"30\",\"pROD_ID\":\"1000000\"}],\"oFFER_ID\":\"20000001\",\"proDtoList\":[{\"pRICING\":\"30\",\"pROD_ID\":\"1000000\"}]},{\"addedDtoList\":[{\"pRICING\":\"30\",\"pROD_ID\":\"1000000\"},{\"pRICING\":\"30\",\"pROD_ID\":\"1000000\"}],\"oFFER_ID\":\"20000001\",\"proDtoList\":[{\"pRICING\":\"30\",\"pROD_ID\":\"1000000\"}]}],\"pRICING\":\"12000\",\"uSER_NAME\":\"15012345678\"}');
INSERT INTO `orders` VALUES ('20190126203439', NULL, '15012345678', '12000', '2019-01-26 20:34:39.000000', '已结算', '{\"eFF_DATE\":\"2017-09-01\",\"eXP_DATE\":\"2017-09-01\",\"orderSubmitOfferDtoList\":[{\"addedDtoList\":[],\"oFFER_ID\":\"30000001\",\"proDtoList\":[{\"pRICING\":\"30\",\"pROD_ID\":\"20000001\"},{\"pRICING\":\"30\",\"pROD_ID\":\"20000002\"}]},{\"addedDtoList\":[{\"pRICING\":\"30\",\"pROD_ID\":\"1000000\"},{\"pRICING\":\"30\",\"pROD_ID\":\"1000000\"}],\"oFFER_ID\":\"20000001\",\"proDtoList\":[{\"pRICING\":\"30\",\"pROD_ID\":\"1000000\"}]},{\"addedDtoList\":[{\"pRICING\":\"30\",\"pROD_ID\":\"1000000\"},{\"pRICING\":\"30\",\"pROD_ID\":\"1000000\"}],\"oFFER_ID\":\"20000001\",\"proDtoList\":[{\"pRICING\":\"30\",\"pROD_ID\":\"1000000\"}]}],\"pRICING\":\"12000\",\"uSER_NAME\":\"15012345678\"}');
INSERT INTO `orders` VALUES ('20190126203514', NULL, '15012345678', '12000', '2019-01-26 20:35:14.000000', '已结算', '{\"eFF_DATE\":\"2017-09-01\",\"eXP_DATE\":\"2017-09-01\",\"orderSubmitOfferDtoList\":[{\"addedDtoList\":[],\"oFFER_ID\":\"30000001\",\"proDtoList\":[{\"pRICING\":\"30\",\"pROD_ID\":\"20000001\"},{\"pRICING\":\"30\",\"pROD_ID\":\"20000002\"}]},{\"addedDtoList\":[{\"pRICING\":\"30\",\"pROD_ID\":\"1000000\"},{\"pRICING\":\"30\",\"pROD_ID\":\"1000000\"}],\"oFFER_ID\":\"20000001\",\"proDtoList\":[{\"pRICING\":\"30\",\"pROD_ID\":\"1000000\"}]},{\"addedDtoList\":[{\"pRICING\":\"30\",\"pROD_ID\":\"1000000\"},{\"pRICING\":\"30\",\"pROD_ID\":\"1000000\"}],\"oFFER_ID\":\"20000001\",\"proDtoList\":[{\"pRICING\":\"30\",\"pROD_ID\":\"1000000\"}]}],\"pRICING\":\"12000\",\"uSER_NAME\":\"15012345678\"}');
INSERT INTO `orders` VALUES ('20190126203620', NULL, '15012345678', '12000', '2019-01-26 20:36:20.000000', '已结算', '{\"eFF_DATE\":\"2017-09-01\",\"eXP_DATE\":\"2017-09-01\",\"orderSubmitOfferDtoList\":[{\"addedDtoList\":[],\"oFFER_ID\":\"30000001\",\"proDtoList\":[{\"pRICING\":\"30\",\"pROD_ID\":\"20000001\"},{\"pRICING\":\"30\",\"pROD_ID\":\"20000002\"}]},{\"addedDtoList\":[{\"pRICING\":\"30\",\"pROD_ID\":\"1000000\"},{\"pRICING\":\"30\",\"pROD_ID\":\"1000000\"}],\"oFFER_ID\":\"20000001\",\"proDtoList\":[{\"pRICING\":\"30\",\"pROD_ID\":\"1000000\"}]},{\"addedDtoList\":[{\"pRICING\":\"30\",\"pROD_ID\":\"1000000\"},{\"pRICING\":\"30\",\"pROD_ID\":\"1000000\"}],\"oFFER_ID\":\"20000001\",\"proDtoList\":[{\"pRICING\":\"30\",\"pROD_ID\":\"1000000\"}]}],\"pRICING\":\"12000\",\"uSER_NAME\":\"15012345678\"}');
INSERT INTO `orders` VALUES ('20190126204002', NULL, '15012345678', '12000', '2019-01-26 20:40:02.000000', '已结算', '{\"eFF_DATE\":\"2017-09-01\",\"eXP_DATE\":\"2017-09-01\",\"orderSubmitOfferDtoList\":[{\"addedDtoList\":[],\"oFFER_ID\":\"30000001\",\"proDtoList\":[{\"pRICING\":\"30\",\"pROD_ID\":\"20000001\"},{\"pRICING\":\"30\",\"pROD_ID\":\"20000002\"}]},{\"addedDtoList\":[{\"pRICING\":\"30\",\"pROD_ID\":\"1000000\"},{\"pRICING\":\"30\",\"pROD_ID\":\"1000000\"}],\"oFFER_ID\":\"20000001\",\"proDtoList\":[{\"pRICING\":\"30\",\"pROD_ID\":\"1000000\"}]},{\"addedDtoList\":[{\"pRICING\":\"30\",\"pROD_ID\":\"1000000\"},{\"pRICING\":\"30\",\"pROD_ID\":\"1000000\"}],\"oFFER_ID\":\"20000001\",\"proDtoList\":[{\"pRICING\":\"30\",\"pROD_ID\":\"1000000\"}]}],\"pRICING\":\"12000\",\"uSER_NAME\":\"15012345678\"}');
INSERT INTO `orders` VALUES ('20190126204056', NULL, '15012345678', '12000', '2019-01-26 20:40:56.000000', '已结算', '{\"eFF_DATE\":\"2017-09-01\",\"eXP_DATE\":\"2017-09-01\",\"orderSubmitOfferDtoList\":[{\"addedDtoList\":[],\"oFFER_ID\":\"30000001\",\"proDtoList\":[{\"pRICING\":\"30\",\"pROD_ID\":\"20000001\"},{\"pRICING\":\"30\",\"pROD_ID\":\"20000002\"}]},{\"addedDtoList\":[{\"pRICING\":\"30\",\"pROD_ID\":\"1000000\"},{\"pRICING\":\"30\",\"pROD_ID\":\"1000000\"}],\"oFFER_ID\":\"20000001\",\"proDtoList\":[{\"pRICING\":\"30\",\"pROD_ID\":\"1000000\"}]},{\"addedDtoList\":[{\"pRICING\":\"30\",\"pROD_ID\":\"1000000\"},{\"pRICING\":\"30\",\"pROD_ID\":\"1000000\"}],\"oFFER_ID\":\"20000001\",\"proDtoList\":[{\"pRICING\":\"30\",\"pROD_ID\":\"1000000\"}]}],\"pRICING\":\"12000\",\"uSER_NAME\":\"15012345678\"}');
INSERT INTO `orders` VALUES ('20190126204340', NULL, '15012345678', '12000', '2019-01-26 20:43:40.000000', '已结算', '{\"eFF_DATE\":\"2017-09-01\",\"eXP_DATE\":\"2017-09-01\",\"orderSubmitOfferDtoList\":[{\"addedDtoList\":[],\"oFFER_ID\":\"30000001\",\"proDtoList\":[{\"pRICING\":\"30\",\"pROD_ID\":\"20000001\"},{\"pRICING\":\"30\",\"pROD_ID\":\"20000002\"}]},{\"addedDtoList\":[{\"pRICING\":\"30\",\"pROD_ID\":\"1000000\"},{\"pRICING\":\"30\",\"pROD_ID\":\"1000000\"}],\"oFFER_ID\":\"20000001\",\"proDtoList\":[{\"pRICING\":\"30\",\"pROD_ID\":\"1000000\"}]},{\"addedDtoList\":[{\"pRICING\":\"30\",\"pROD_ID\":\"1000000\"},{\"pRICING\":\"30\",\"pROD_ID\":\"1000000\"}],\"oFFER_ID\":\"20000001\",\"proDtoList\":[{\"pRICING\":\"30\",\"pROD_ID\":\"1000000\"}]}],\"pRICING\":\"12000\",\"uSER_NAME\":\"15012345678\"}');
INSERT INTO `orders` VALUES ('20190126204502', NULL, '15012345678', '12000', '2019-01-26 20:45:02.000000', '已结算', '{\"eFF_DATE\":\"2017-09-01\",\"eXP_DATE\":\"2017-09-01\",\"orderSubmitOfferDtoList\":[{\"addedDtoList\":[],\"oFFER_ID\":\"30000001\",\"proDtoList\":[{\"pRICING\":\"30\",\"pROD_ID\":\"20000001\"},{\"pRICING\":\"30\",\"pROD_ID\":\"20000002\"}]},{\"addedDtoList\":[{\"pRICING\":\"30\",\"pROD_ID\":\"1000000\"},{\"pRICING\":\"30\",\"pROD_ID\":\"1000000\"}],\"oFFER_ID\":\"20000001\",\"proDtoList\":[{\"pRICING\":\"30\",\"pROD_ID\":\"1000000\"}]},{\"addedDtoList\":[{\"pRICING\":\"30\",\"pROD_ID\":\"1000000\"},{\"pRICING\":\"30\",\"pROD_ID\":\"1000000\"}],\"oFFER_ID\":\"20000001\",\"proDtoList\":[{\"pRICING\":\"30\",\"pROD_ID\":\"1000000\"}]}],\"pRICING\":\"12000\",\"uSER_NAME\":\"15012345678\"}');
INSERT INTO `orders` VALUES ('20190126204539', NULL, '15012345678', '12000', '2019-01-26 20:45:39.000000', '已结算', '{\"eFF_DATE\":\"2017-09-01\",\"eXP_DATE\":\"2017-09-01\",\"orderSubmitOfferDtoList\":[{\"addedDtoList\":[],\"oFFER_ID\":\"30000001\",\"proDtoList\":[{\"pRICING\":\"30\",\"pROD_ID\":\"20000001\"},{\"pRICING\":\"30\",\"pROD_ID\":\"20000002\"}]},{\"addedDtoList\":[{\"pRICING\":\"30\",\"pROD_ID\":\"1000000\"},{\"pRICING\":\"30\",\"pROD_ID\":\"1000000\"}],\"oFFER_ID\":\"20000001\",\"proDtoList\":[{\"pRICING\":\"30\",\"pROD_ID\":\"1000000\"}]},{\"addedDtoList\":[{\"pRICING\":\"30\",\"pROD_ID\":\"1000000\"},{\"pRICING\":\"30\",\"pROD_ID\":\"1000000\"}],\"oFFER_ID\":\"20000001\",\"proDtoList\":[{\"pRICING\":\"30\",\"pROD_ID\":\"1000000\"}]}],\"pRICING\":\"12000\",\"uSER_NAME\":\"15012345678\"}');
INSERT INTO `orders` VALUES ('20190126204748', NULL, '15012345678', '12000', '2019-01-26 20:47:48.000000', '已结算', '{\"eFF_DATE\":\"2017-09-01\",\"eXP_DATE\":\"2017-09-01\",\"orderSubmitOfferDtoList\":[{\"addedDtoList\":[],\"oFFER_ID\":\"30000001\",\"proDtoList\":[{\"pRICING\":\"30\",\"pROD_ID\":\"20000001\"},{\"pRICING\":\"30\",\"pROD_ID\":\"20000002\"}]},{\"addedDtoList\":[{\"pRICING\":\"30\",\"pROD_ID\":\"1000000\"},{\"pRICING\":\"30\",\"pROD_ID\":\"1000000\"}],\"oFFER_ID\":\"20000001\",\"proDtoList\":[{\"pRICING\":\"30\",\"pROD_ID\":\"1000000\"}]},{\"addedDtoList\":[{\"pRICING\":\"30\",\"pROD_ID\":\"1000000\"},{\"pRICING\":\"30\",\"pROD_ID\":\"1000000\"}],\"oFFER_ID\":\"20000001\",\"proDtoList\":[{\"pRICING\":\"30\",\"pROD_ID\":\"1000000\"}]}],\"pRICING\":\"12000\",\"uSER_NAME\":\"15012345678\"}');
INSERT INTO `orders` VALUES ('20190126204936', NULL, '15012345678', '12000', '2019-01-26 20:49:36.000000', '已结算', '{\"eFF_DATE\":\"2017-09-01\",\"eXP_DATE\":\"2017-09-01\",\"orderSubmitOfferDtoList\":[{\"addedDtoList\":[],\"oFFER_ID\":\"30000001\",\"proDtoList\":[{\"pRICING\":\"30\",\"pROD_ID\":\"20000001\"},{\"pRICING\":\"30\",\"pROD_ID\":\"20000002\"}]},{\"addedDtoList\":[{\"pRICING\":\"30\",\"pROD_ID\":\"1000000\"},{\"pRICING\":\"30\",\"pROD_ID\":\"1000000\"}],\"oFFER_ID\":\"20000001\",\"proDtoList\":[{\"pRICING\":\"30\",\"pROD_ID\":\"1000000\"}]},{\"addedDtoList\":[{\"pRICING\":\"30\",\"pROD_ID\":\"1000000\"},{\"pRICING\":\"30\",\"pROD_ID\":\"1000000\"}],\"oFFER_ID\":\"20000001\",\"proDtoList\":[{\"pRICING\":\"30\",\"pROD_ID\":\"1000000\"}]}],\"pRICING\":\"12000\",\"uSER_NAME\":\"15012345678\"}');
INSERT INTO `orders` VALUES ('20190126204949', NULL, '15012345678', '12000', '2019-01-26 20:49:49.000000', '已结算', '{\"eFF_DATE\":\"2017-09-01\",\"eXP_DATE\":\"2017-09-01\",\"orderSubmitOfferDtoList\":[{\"addedDtoList\":[],\"oFFER_ID\":\"30000001\",\"proDtoList\":[{\"pRICING\":\"30\",\"pROD_ID\":\"20000001\"},{\"pRICING\":\"30\",\"pROD_ID\":\"20000002\"}]},{\"addedDtoList\":[{\"pRICING\":\"30\",\"pROD_ID\":\"1000000\"},{\"pRICING\":\"30\",\"pROD_ID\":\"1000000\"}],\"oFFER_ID\":\"20000001\",\"proDtoList\":[{\"pRICING\":\"30\",\"pROD_ID\":\"1000000\"}]},{\"addedDtoList\":[{\"pRICING\":\"30\",\"pROD_ID\":\"1000000\"},{\"pRICING\":\"30\",\"pROD_ID\":\"1000000\"}],\"oFFER_ID\":\"20000001\",\"proDtoList\":[{\"pRICING\":\"30\",\"pROD_ID\":\"1000000\"}]}],\"pRICING\":\"12000\",\"uSER_NAME\":\"15012345678\"}');
INSERT INTO `orders` VALUES ('20190126205128', NULL, '15012345678', '12000', '2019-01-26 20:51:28.000000', '已结算', '{\"eFF_DATE\":\"2017-09-01\",\"eXP_DATE\":\"2017-09-01\",\"orderSubmitOfferDtoList\":[{\"addedDtoList\":[],\"oFFER_ID\":\"30000001\",\"proDtoList\":[{\"pRICING\":\"30\",\"pROD_ID\":\"20000001\"},{\"pRICING\":\"30\",\"pROD_ID\":\"20000002\"}]},{\"addedDtoList\":[{\"pRICING\":\"30\",\"pROD_ID\":\"1000000\"},{\"pRICING\":\"30\",\"pROD_ID\":\"1000000\"}],\"oFFER_ID\":\"20000001\",\"proDtoList\":[{\"pRICING\":\"30\",\"pROD_ID\":\"1000000\"}]},{\"addedDtoList\":[{\"pRICING\":\"30\",\"pROD_ID\":\"1000000\"},{\"pRICING\":\"30\",\"pROD_ID\":\"1000000\"}],\"oFFER_ID\":\"20000001\",\"proDtoList\":[{\"pRICING\":\"30\",\"pROD_ID\":\"1000000\"}]}],\"pRICING\":\"12000\",\"uSER_NAME\":\"15012345678\"}');
INSERT INTO `orders` VALUES ('20190126205212', NULL, '15012345678', '12000', '2019-01-26 20:52:12.000000', '已结算', '{\"eFF_DATE\":\"2017-09-01\",\"eXP_DATE\":\"2017-09-01\",\"orderSubmitOfferDtoList\":[{\"addedDtoList\":[],\"oFFER_ID\":\"30000001\",\"proDtoList\":[{\"pRICING\":\"30\",\"pROD_ID\":\"20000001\"},{\"pRICING\":\"30\",\"pROD_ID\":\"20000002\"}]},{\"addedDtoList\":[{\"pRICING\":\"30\",\"pROD_ID\":\"1000000\"},{\"pRICING\":\"30\",\"pROD_ID\":\"1000000\"}],\"oFFER_ID\":\"20000001\",\"proDtoList\":[{\"pRICING\":\"30\",\"pROD_ID\":\"1000000\"}]},{\"addedDtoList\":[{\"pRICING\":\"30\",\"pROD_ID\":\"1000000\"},{\"pRICING\":\"30\",\"pROD_ID\":\"1000000\"}],\"oFFER_ID\":\"20000001\",\"proDtoList\":[{\"pRICING\":\"30\",\"pROD_ID\":\"1000000\"}]}],\"pRICING\":\"12000\",\"uSER_NAME\":\"15012345678\"}');
INSERT INTO `orders` VALUES ('20190128101017', NULL, '15012345678', '0', '2019-01-28 10:10:17.000000', '已结算', '{\"eFF_DATE\":\"2017-09-01\",\"eXP_DATE\":\"2017-09-01\",\"orderSubmitOfferDtoList\":[{\"addedDtoList\":[],\"oFFER_ID\":\"20000000\",\"proDtoList\":[]},{\"addedDtoList\":[],\"oFFER_ID\":\"30000000\",\"proDtoList\":[]}],\"pRICING\":\"0\",\"uSER_NAME\":\"15012345678\"}');
INSERT INTO `orders` VALUES ('20190128101019', NULL, '15012345678', '0', '2019-01-28 10:10:19.000000', '已结算', '{\"eFF_DATE\":\"2017-09-01\",\"eXP_DATE\":\"2017-09-01\",\"orderSubmitOfferDtoList\":[{\"addedDtoList\":[],\"oFFER_ID\":\"20000000\",\"proDtoList\":[]},{\"addedDtoList\":[],\"oFFER_ID\":\"30000000\",\"proDtoList\":[]}],\"pRICING\":\"0\",\"uSER_NAME\":\"15012345678\"}');
INSERT INTO `orders` VALUES ('20190128103904', NULL, '15012345678', '3000', '2019-01-28 10:39:04.000000', '已结算', '{\"eFF_DATE\":\"2017-09-01\",\"eXP_DATE\":\"2017-09-01\",\"orderSubmitOfferDtoList\":[{\"addedDtoList\":[],\"oFFER_ID\":\"21000000\",\"proDtoList\":[{\"pRICING\":\"30\",\"pROD_ID\":\"21000001\"}]},{\"addedDtoList\":[],\"oFFER_ID\":\"31000000\",\"proDtoList\":[]}],\"pRICING\":\"3000\",\"uSER_NAME\":\"15012345678\"}');
INSERT INTO `orders` VALUES ('20190128142149', NULL, '15012345678', '12000', '2019-01-28 14:21:49.000000', '已结算', '{\"eFF_DATE\":\"2017-09-01\",\"eXP_DATE\":\"2017-09-01\",\"orderSubmitOfferDtoList\":[{\"addedDtoList\":[],\"oFFER_ID\":\"21000000\",\"proDtoList\":[{\"pRICING\":\"30\",\"pROD_ID\":\"21000001\"}]},{\"addedDtoList\":[],\"oFFER_ID\":\"31000000\",\"proDtoList\":[{\"pRICING\":\"30\",\"pROD_ID\":\"31000001\"},{\"pRICING\":\"30\",\"pROD_ID\":\"31000002\"},{\"pRICING\":\"30\",\"pROD_ID\":\"31000003\"}]}],\"pRICING\":\"12000\",\"uSER_NAME\":\"15012345678\"}');
INSERT INTO `orders` VALUES ('20190128160850', NULL, '15012345678', '3000', '2019-01-28 16:08:50.000000', '已结算', '{\"eFF_DATE\":\"2017-09-01\",\"eXP_DATE\":\"2017-09-01\",\"orderSubmitOfferDtoList\":[{\"addedDtoList\":[{\"pRICING\":\"30\",\"pROD_ID\":\"21000001\"},{\"pRICING\":\"30\",\"pROD_ID\":\"31000002\"},{\"pRICING\":\"30\",\"pROD_ID\":\"31000003\"}],\"oFFER_ID\":\"20000000\",\"proDtoList\":[{\"pRICING\":\"30\",\"pROD_ID\":\"21000001\"}]}],\"pRICING\":\"3000\",\"uSER_NAME\":\"15012345678\"}');
INSERT INTO `orders` VALUES ('20190128161242', NULL, '15012345678', '3000', '2019-01-28 16:12:42.000000', '已结算', '{\"eFF_DATE\":\"2017-09-01\",\"eXP_DATE\":\"2017-09-01\",\"orderSubmitOfferDtoList\":[{\"addedDtoList\":[{\"pRICING\":\"30\",\"pROD_ID\":\"31000001\"},{\"pRICING\":\"30\",\"pROD_ID\":\"31000002\"},{\"pRICING\":\"30\",\"pROD_ID\":\"31000002\"}],\"oFFER_ID\":\"20000000\",\"proDtoList\":[{\"pRICING\":\"30\",\"pROD_ID\":\"21000001\"}]}],\"pRICING\":\"3000\",\"uSER_NAME\":\"15012345678\"}');
INSERT INTO `orders` VALUES ('20190128163616', NULL, '15012345678', '6000', '2019-01-28 16:36:16.000000', '已结算', '{\"eFF_DATE\":\"2017-09-01\",\"eXP_DATE\":\"2017-09-01\",\"orderSubmitOfferDtoList\":[{\"addedDtoList\":[{\"pRICING\":\"30\",\"pROD_ID\":\"21000001\"},{\"pRICING\":\"30\",\"pROD_ID\":\"31000002\"},{\"pRICING\":\"30\",\"pROD_ID\":\"31000003\"}],\"oFFER_ID\":\"20000000\",\"proDtoList\":[{\"pRICING\":\"30\",\"pROD_ID\":\"21000001\"}]},{\"addedDtoList\":[],\"oFFER_ID\":\"31100000\",\"proDtoList\":[{\"pRICING\":\"30\",\"pROD_ID\":\"31000001\"}]},{\"addedDtoList\":[],\"oFFER_ID\":\"21000000\",\"proDtoList\":[{\"pRICING\":\"30\",\"pROD_ID\":\"31000001\"}]}],\"pRICING\":\"6000\",\"uSER_NAME\":\"15012345678\"}');
INSERT INTO `orders` VALUES ('20190128165038', NULL, '15012345678', '0', '2019-01-28 16:50:38.000000', '已结算', '{\"eFF_DATE\":\"2017-09-01\",\"eXP_DATE\":\"2017-09-01\",\"orderSubmitOfferDtoList\":[],\"pRICING\":\"0\",\"uSER_NAME\":\"15012345678\"}');
INSERT INTO `orders` VALUES ('20190128165134', NULL, '15012345678', '0', '2019-01-28 16:51:34.000000', '已结算', '{\"eFF_DATE\":\"2017-09-01\",\"eXP_DATE\":\"2017-09-01\",\"orderSubmitOfferDtoList\":[],\"pRICING\":\"0\",\"uSER_NAME\":\"15012345678\"}');
INSERT INTO `orders` VALUES ('20190128165214', NULL, '15012345678', '0', '2019-01-28 16:52:14.000000', '已结算', '{\"eFF_DATE\":\"2017-09-01\",\"eXP_DATE\":\"2017-09-01\",\"orderSubmitOfferDtoList\":[],\"pRICING\":\"0\",\"uSER_NAME\":\"15012345678\"}');
INSERT INTO `orders` VALUES ('20190128165216', NULL, '15012345678', '0', '2019-01-28 16:52:16.000000', '已结算', '{\"eFF_DATE\":\"2017-09-01\",\"eXP_DATE\":\"2017-09-01\",\"orderSubmitOfferDtoList\":[],\"pRICING\":\"0\",\"uSER_NAME\":\"15012345678\"}');
INSERT INTO `orders` VALUES ('20190128165217', NULL, '15012345678', '0', '2019-01-28 16:52:17.000000', '已结算', '{\"eFF_DATE\":\"2017-09-01\",\"eXP_DATE\":\"2017-09-01\",\"orderSubmitOfferDtoList\":[],\"pRICING\":\"0\",\"uSER_NAME\":\"15012345678\"}');
INSERT INTO `orders` VALUES ('20190128165505', NULL, '15012345678', '0', '2019-01-28 16:55:05.000000', '已结算', '{\"eFF_DATE\":\"2017-09-01\",\"eXP_DATE\":\"2017-09-01\",\"orderSubmitOfferDtoList\":[],\"pRICING\":\"0\",\"uSER_NAME\":\"15012345678\"}');
INSERT INTO `orders` VALUES ('20190128165548', NULL, '15012345678', '0', '2019-01-28 16:55:48.000000', '已结算', '{\"eFF_DATE\":\"2017-09-01\",\"eXP_DATE\":\"2017-09-01\",\"orderSubmitOfferDtoList\":[],\"pRICING\":\"0\",\"uSER_NAME\":\"15012345678\"}');
INSERT INTO `orders` VALUES ('20190128165624', NULL, '15012345678', '0', '2019-01-28 16:56:24.000000', '已结算', '{\"eFF_DATE\":\"2017-09-01\",\"eXP_DATE\":\"2017-09-01\",\"orderSubmitOfferDtoList\":[],\"pRICING\":\"0\",\"uSER_NAME\":\"15012345678\"}');
INSERT INTO `orders` VALUES ('20190128165857', NULL, '15012345678', '0', '2019-01-28 16:58:57.000000', '已结算', '{\"eFF_DATE\":\"2017-09-01\",\"eXP_DATE\":\"2017-09-01\",\"orderSubmitOfferDtoList\":[],\"pRICING\":\"0\",\"uSER_NAME\":\"15012345678\"}');
INSERT INTO `orders` VALUES ('20190128170526', NULL, '15012345678', '3000', '2019-01-28 17:05:26.000000', '已结算', '{\"eFF_DATE\":\"2017-09-01\",\"eXP_DATE\":\"2017-09-01\",\"orderSubmitOfferDtoList\":[{\"addedDtoList\":[{\"pRICING\":\"30\",\"pROD_ID\":\"21000001\"},{\"pRICING\":\"30\",\"pROD_ID\":\"31000002\"},{\"pRICING\":\"30\",\"pROD_ID\":\"31000003\"}],\"oFFER_ID\":\"20000000\",\"proDtoList\":[{\"pRICING\":\"30\",\"pROD_ID\":\"21000001\"}]}],\"pRICING\":\"3000\",\"uSER_NAME\":\"15012345678\"}');
INSERT INTO `orders` VALUES ('20190128174951', NULL, '15012345678', '3000', '2019-01-28 17:49:51.000000', '已结算', '{\"eFF_DATE\":\"2017-09-01\",\"eXP_DATE\":\"2017-09-01\",\"orderSubmitOfferDtoList\":[{\"addedDtoList\":[{\"pRICING\":\"30\",\"pROD_ID\":\"21000001\"},{\"pRICING\":\"30\",\"pROD_ID\":\"31000002\"},{\"pRICING\":\"30\",\"pROD_ID\":\"31000003\"}],\"oFFER_ID\":\"20000000\",\"proDtoList\":[{\"pRICING\":\"30\",\"pROD_ID\":\"21000001\"}]}],\"pRICING\":\"3000\",\"uSER_NAME\":\"15012345678\"}');
INSERT INTO `orders` VALUES ('20190128175713', NULL, '15012345678', '3000', '2019-01-28 17:57:13.000000', '已结算', '{\"eFF_DATE\":\"2017-09-01\",\"eXP_DATE\":\"2017-09-01\",\"orderSubmitOfferDtoList\":[{\"addedDtoList\":[{\"pRICING\":\"30\",\"pROD_ID\":\"31000001\"},{\"pRICING\":\"30\",\"pROD_ID\":\"31000002\"},{\"pRICING\":\"30\",\"pROD_ID\":\"31000002\"}],\"oFFER_ID\":\"20000000\",\"proDtoList\":[{\"pRICING\":\"30\",\"pROD_ID\":\"21000001\"}]}],\"pRICING\":\"3000\",\"uSER_NAME\":\"15012345678\"}');
INSERT INTO `orders` VALUES ('20190128193900', NULL, '15012345678', '6000', '2019-01-28 19:39:00.000000', '已结算', '{\"eFF_DATE\":\"2017-09-01\",\"eXP_DATE\":\"2017-09-01\",\"orderSubmitOfferDtoList\":[{\"addedDtoList\":[{\"pRICING\":\"30\",\"pROD_ID\":\"21000001\"},{\"pRICING\":\"30\",\"pROD_ID\":\"31000002\"},{\"pRICING\":\"30\",\"pROD_ID\":\"31000003\"}],\"oFFER_ID\":\"20000000\",\"proDtoList\":[{\"pRICING\":\"30\",\"pROD_ID\":\"21000001\"}]},{\"addedDtoList\":[],\"oFFER_ID\":\"21000000\",\"proDtoList\":[{\"pRICING\":\"30\",\"pROD_ID\":\"21000001\"}]}],\"pRICING\":\"6000\",\"uSER_NAME\":\"15012345678\"}');
INSERT INTO `orders` VALUES ('20190128200311', NULL, '15012345678', '27000', '2019-01-28 20:03:11.000000', '已结算', '{\"eFF_DATE\":\"2017-09-01\",\"eXP_DATE\":\"2017-09-05\",\"orderSubmitOfferDtoList\":[{\"addedDtoList\":[{\"pRICING\":\"30\",\"pROD_ID\":\"21000001\"},{\"pRICING\":\"30\",\"pROD_ID\":\"21000001\"},{\"pRICING\":\"30\",\"pROD_ID\":\"31000003\"}],\"oFFER_ID\":\"20000000\",\"proDtoList\":[{\"pRICING\":\"30\",\"pROD_ID\":\"21000001\"}]},{\"addedDtoList\":[],\"oFFER_ID\":\"21000000\",\"proDtoList\":[{\"pRICING\":\"30\",\"pROD_ID\":\"21000001\"}]},{\"addedDtoList\":[],\"oFFER_ID\":\"31100000\",\"proDtoList\":[{\"pRICING\":\"30\",\"pROD_ID\":\"31000001\"}]}],\"pRICING\":\"27000\",\"uSER_NAME\":\"15012345678\"}');
INSERT INTO `orders` VALUES ('20190129100715', NULL, '15012345678', '3000', '2019-01-29 10:07:15.000000', '已结算', '{\"eFF_DATE\":\"2017-09-01\",\"eXP_DATE\":\"2017-09-01\",\"orderSubmitOfferDtoList\":[{\"addedDtoList\":[{\"pRICING\":\"30\",\"pROD_ID\":\"21000001\"},{\"pRICING\":\"30\",\"pROD_ID\":\"21000001\"},{\"pRICING\":\"30\",\"pROD_ID\":\"31000003\"}],\"oFFER_ID\":\"20000000\",\"proDtoList\":[{\"pRICING\":\"30\",\"pROD_ID\":\"21000001\"}]}],\"pRICING\":\"3000\",\"uSER_NAME\":\"15012345678\"}');
INSERT INTO `orders` VALUES ('20190129102125', NULL, '15012345678', '3000', '2019-01-29 10:21:25.000000', '已结算', '{\"eFF_DATE\":\"2017-09-01\",\"eXP_DATE\":\"2017-09-01\",\"orderSubmitOfferDtoList\":[{\"addedDtoList\":[{\"pRICING\":\"30\",\"pROD_ID\":\"21000001\"},{\"pRICING\":\"30\",\"pROD_ID\":\"31000002\"},{\"pRICING\":\"30\",\"pROD_ID\":\"31000003\"}],\"oFFER_ID\":\"20000000\",\"proDtoList\":[{\"pRICING\":\"30\",\"pROD_ID\":\"21000001\"}]}],\"pRICING\":\"3000\",\"uSER_NAME\":\"15012345678\"}');
INSERT INTO `orders` VALUES ('20190129102256', NULL, '15012345678', '3000', '2019-01-29 10:22:56.000000', '已结算', '{\"eFF_DATE\":\"2017-09-01\",\"eXP_DATE\":\"2017-09-01\",\"orderSubmitOfferDtoList\":[{\"addedDtoList\":[{\"pRICING\":\"30\",\"pROD_ID\":\"31000001\"},{\"pRICING\":\"30\",\"pROD_ID\":\"31000001\"},{\"pRICING\":\"30\",\"pROD_ID\":\"31000003\"}],\"oFFER_ID\":\"20000000\",\"proDtoList\":[{\"pRICING\":\"30\",\"pROD_ID\":\"21000001\"}]}],\"pRICING\":\"3000\",\"uSER_NAME\":\"15012345678\"}');
INSERT INTO `orders` VALUES ('20190129102333', NULL, '15012345678', '3000', '2019-01-29 10:23:33.000000', '已结算', '{\"eFF_DATE\":\"2017-09-01\",\"eXP_DATE\":\"2017-09-01\",\"orderSubmitOfferDtoList\":[{\"addedDtoList\":[{\"pRICING\":\"30\",\"pROD_ID\":\"21000001\"},{\"pRICING\":\"30\",\"pROD_ID\":\"31000002\"},{\"pRICING\":\"30\",\"pROD_ID\":\"31000003\"}],\"oFFER_ID\":\"20000000\",\"proDtoList\":[{\"pRICING\":\"30\",\"pROD_ID\":\"21000001\"}]}],\"pRICING\":\"3000\",\"uSER_NAME\":\"15012345678\"}');
INSERT INTO `orders` VALUES ('20190129102627', NULL, '15012345678', '6000', '2019-01-29 10:26:27.000000', '已结算', '{\"eFF_DATE\":\"2017-09-01\",\"eXP_DATE\":\"2017-09-01\",\"orderSubmitOfferDtoList\":[{\"addedDtoList\":[{\"pRICING\":\"30\",\"pROD_ID\":\"21000001\"},{\"pRICING\":\"30\",\"pROD_ID\":\"31000002\"},{\"pRICING\":\"30\",\"pROD_ID\":\"31000003\"}],\"oFFER_ID\":\"20000000\",\"proDtoList\":[{\"pRICING\":\"30\",\"pROD_ID\":\"21000001\"}]},{\"addedDtoList\":[],\"oFFER_ID\":\"21000000\",\"proDtoList\":[{\"pRICING\":\"30\",\"pROD_ID\":\"21000001\"}]}],\"pRICING\":\"6000\",\"uSER_NAME\":\"15012345678\"}');
INSERT INTO `orders` VALUES ('20190129102735', NULL, '15012345678', '6000', '2019-01-29 10:27:35.000000', '已结算', '{\"eFF_DATE\":\"2017-09-01\",\"eXP_DATE\":\"2017-09-01\",\"orderSubmitOfferDtoList\":[{\"addedDtoList\":[{\"pRICING\":\"30\",\"pROD_ID\":\"21000001\"},{\"pRICING\":\"30\",\"pROD_ID\":\"21000001\"},{\"pRICING\":\"30\",\"pROD_ID\":\"31000003\"}],\"oFFER_ID\":\"20000000\",\"proDtoList\":[{\"pRICING\":\"30\",\"pROD_ID\":\"21000001\"}]},{\"addedDtoList\":[],\"oFFER_ID\":\"21000000\",\"proDtoList\":[{\"pRICING\":\"30\",\"pROD_ID\":\"21000001\"}]}],\"pRICING\":\"6000\",\"uSER_NAME\":\"15012345678\"}');
INSERT INTO `orders` VALUES ('20190129104122', NULL, '15012345678', '12000', '2019-01-29 10:41:22.000000', '已结算', '{\"eFF_DATE\":\"2017-09-01\",\"eXP_DATE\":\"2017-09-01\",\"orderSubmitOfferDtoList\":[{\"addedDtoList\":[{\"pRICING\":\"30\",\"pROD_ID\":\"31000001\"},{\"pRICING\":\"30\",\"pROD_ID\":\"31000002\"},{\"pRICING\":\"30\",\"pROD_ID\":\"31000003\"}],\"oFFER_ID\":\"20000000\",\"proDtoList\":[{\"pRICING\":\"30\",\"pROD_ID\":\"21000001\"}]},{\"addedDtoList\":[{\"pRICING\":\"30\",\"pROD_ID\":\"31000001\"},{\"pRICING\":\"30\",\"pROD_ID\":\"31000002\"},{\"pRICING\":\"30\",\"pROD_ID\":\"31000003\"}],\"oFFER_ID\":\"20000000\",\"proDtoList\":[{\"pRICING\":\"30\",\"pROD_ID\":\"21000001\"}]},{\"addedDtoList\":[],\"oFFER_ID\":\"21000000\",\"proDtoList\":[{\"pRICING\":\"30\",\"pROD_ID\":\"21000001\"}]},{\"addedDtoList\":[],\"oFFER_ID\":\"31100000\",\"proDtoList\":[{\"pRICING\":\"30\",\"pROD_ID\":\"31000001\"}]}],\"pRICING\":\"12000\",\"uSER_NAME\":\"15012345678\"}');
INSERT INTO `orders` VALUES ('20190129104544', NULL, '15012345678', '9000', '2019-01-29 10:45:44.000000', '已结算', '{\"eFF_DATE\":\"2017-09-01\",\"eXP_DATE\":\"2017-09-01\",\"orderSubmitOfferDtoList\":[{\"addedDtoList\":[{\"pRICING\":\"30\",\"pROD_ID\":\"21000001\"},{\"pRICING\":\"30\",\"pROD_ID\":\"31000002\"},{\"pRICING\":\"30\",\"pROD_ID\":\"31000003\"}],\"oFFER_ID\":\"20000000\",\"proDtoList\":[{\"pRICING\":\"30\",\"pROD_ID\":\"21000001\"}]},{\"addedDtoList\":[],\"oFFER_ID\":\"21000000\",\"proDtoList\":[{\"pRICING\":\"30\",\"pROD_ID\":\"21000001\"}]},{\"addedDtoList\":[],\"oFFER_ID\":\"31200000\",\"proDtoList\":[{\"pRICING\":\"30\",\"pROD_ID\":\"31000002\"}]}],\"pRICING\":\"9000\",\"uSER_NAME\":\"15012345678\"}');
INSERT INTO `orders` VALUES ('20190129104933', NULL, '15012345678', '6000', '2019-01-29 10:49:33.000000', '已结算', '{\"eFF_DATE\":\"2017-09-01\",\"eXP_DATE\":\"2017-09-01\",\"orderSubmitOfferDtoList\":[{\"addedDtoList\":[{\"pRICING\":\"30\",\"pROD_ID\":\"31000002\"},{\"pRICING\":\"30\",\"pROD_ID\":\"31000003\"}],\"oFFER_ID\":\"20000000\",\"proDtoList\":[{\"pRICING\":\"30\",\"pROD_ID\":\"21000001\"}]},{\"addedDtoList\":[],\"oFFER_ID\":\"21000000\",\"proDtoList\":[]},{\"addedDtoList\":[],\"oFFER_ID\":\"31100000\",\"proDtoList\":[{\"pRICING\":\"30\",\"pROD_ID\":\"31000001\"}]}],\"pRICING\":\"6000\",\"uSER_NAME\":\"15012345678\"}');
INSERT INTO `orders` VALUES ('20190129105240', NULL, '15012345678', '9000', '2019-01-29 10:52:40.000000', '已结算', '{\"eFF_DATE\":\"2017-09-01\",\"eXP_DATE\":\"2017-09-01\",\"orderSubmitOfferDtoList\":[{\"addedDtoList\":[{\"pRICING\":\"30\",\"pROD_ID\":\"31000002\"},{\"pRICING\":\"30\",\"pROD_ID\":\"31000003\"}],\"oFFER_ID\":\"20000000\",\"proDtoList\":[{\"pRICING\":\"30\",\"pROD_ID\":\"21000001\"}]},{\"addedDtoList\":[],\"oFFER_ID\":\"21000000\",\"proDtoList\":[{\"pRICING\":\"30\",\"pROD_ID\":\"21000001\"}]},{\"addedDtoList\":[],\"oFFER_ID\":\"31200000\",\"proDtoList\":[{\"pRICING\":\"30\",\"pROD_ID\":\"31000002\"}]}],\"pRICING\":\"9000\",\"uSER_NAME\":\"15012345678\"}');
INSERT INTO `orders` VALUES ('20190129105421', NULL, '15012345678', '3000', '2019-01-29 10:54:21.000000', '已结算', '{\"eFF_DATE\":\"2017-09-01\",\"eXP_DATE\":\"2017-09-01\",\"orderSubmitOfferDtoList\":[{\"addedDtoList\":[],\"oFFER_ID\":\"31100000\",\"proDtoList\":[{\"pRICING\":\"30\",\"pROD_ID\":\"31000001\"}]}],\"pRICING\":\"3000\",\"uSER_NAME\":\"15012345678\"}');
INSERT INTO `orders` VALUES ('20190129105505', NULL, '15012345678', '6000', '2019-01-29 10:55:05.000000', '已结算', '{\"eFF_DATE\":\"2017-09-01\",\"eXP_DATE\":\"2017-09-01\",\"orderSubmitOfferDtoList\":[{\"addedDtoList\":[{\"pRICING\":\"30\",\"pROD_ID\":\"31000002\"},{\"pRICING\":\"30\",\"pROD_ID\":\"31000003\"}],\"oFFER_ID\":\"20000000\",\"proDtoList\":[{\"pRICING\":\"30\",\"pROD_ID\":\"21000001\"}]},{\"addedDtoList\":[],\"oFFER_ID\":\"21000000\",\"proDtoList\":[{\"pRICING\":\"30\",\"pROD_ID\":\"21000001\"}]}],\"pRICING\":\"6000\",\"uSER_NAME\":\"15012345678\"}');
INSERT INTO `orders` VALUES ('20190129134150', NULL, '15012345678', '3000', '2019-01-29 13:41:50.000000', '已结算', '{\"eFF_DATE\":\"2017-09-01\",\"eXP_DATE\":\"2017-09-01\",\"orderSubmitOfferDtoList\":[{\"addedDtoList\":[{\"pRICING\":\"30\",\"pROD_ID\":\"31000002\"},{\"pRICING\":\"30\",\"pROD_ID\":\"31000003\"}],\"oFFER_ID\":\"20000000\",\"proDtoList\":[{\"pRICING\":\"30\",\"pROD_ID\":\"21000001\"}]}],\"pRICING\":\"3000\",\"uSER_NAME\":\"15012345678\"}');
INSERT INTO `orders` VALUES ('20190129134202', NULL, '15012345678', '3000', '2019-01-29 13:42:02.000000', '已结算', '{\"eFF_DATE\":\"2017-09-01\",\"eXP_DATE\":\"2017-09-01\",\"orderSubmitOfferDtoList\":[{\"addedDtoList\":[],\"oFFER_ID\":\"21000000\",\"proDtoList\":[{\"pRICING\":\"30\",\"pROD_ID\":\"21000001\"}]}],\"pRICING\":\"3000\",\"uSER_NAME\":\"15012345678\"}');
INSERT INTO `orders` VALUES ('20190129134554', NULL, '15012345678', '3000', '2019-01-29 13:45:54.000000', '已结算', '{\"eFF_DATE\":\"2017-09-01\",\"eXP_DATE\":\"2017-09-01\",\"orderSubmitOfferDtoList\":[{\"addedDtoList\":[{\"pRICING\":\"30\",\"pROD_ID\":\"31000002\"},{\"pRICING\":\"30\",\"pROD_ID\":\"31000003\"}],\"oFFER_ID\":\"20000000\",\"proDtoList\":[{\"pRICING\":\"30\",\"pROD_ID\":\"21000001\"}]}],\"pRICING\":\"3000\",\"uSER_NAME\":\"15012345678\"}');
INSERT INTO `orders` VALUES ('20190129134606', NULL, '15012345678', '3000', '2019-01-29 13:46:06.000000', '已结算', '{\"eFF_DATE\":\"2017-09-01\",\"eXP_DATE\":\"2017-09-01\",\"orderSubmitOfferDtoList\":[{\"addedDtoList\":[],\"oFFER_ID\":\"21000000\",\"proDtoList\":[{\"pRICING\":\"30\",\"pROD_ID\":\"21000001\"}]}],\"pRICING\":\"3000\",\"uSER_NAME\":\"15012345678\"}');
INSERT INTO `orders` VALUES ('20190129134906', NULL, '15012345678', '3000', '2019-01-29 13:49:06.000000', '已结算', '{\"eFF_DATE\":\"2017-09-01\",\"eXP_DATE\":\"2017-09-01\",\"orderSubmitOfferDtoList\":[{\"addedDtoList\":[{\"pRICING\":\"30\",\"pROD_ID\":\"31000001\"},{\"pRICING\":\"30\",\"pROD_ID\":\"31000003\"}],\"oFFER_ID\":\"20000000\",\"proDtoList\":[{\"pRICING\":\"30\",\"pROD_ID\":\"21000001\"}]}],\"pRICING\":\"3000\",\"uSER_NAME\":\"15012345678\"}');
INSERT INTO `orders` VALUES ('20190129140006', NULL, '15012345678', '3000', '2019-01-29 14:00:06.000000', '已结算', '{\"eFF_DATE\":\"2017-09-01\",\"eXP_DATE\":\"2017-09-01\",\"orderSubmitOfferDtoList\":[{\"addedDtoList\":[{\"pRICING\":\"30\",\"pROD_ID\":\"31000003\"}],\"oFFER_ID\":\"20000000\",\"proDtoList\":[{\"pRICING\":\"30\",\"pROD_ID\":\"21000001\"}]}],\"pRICING\":\"3000\",\"uSER_NAME\":\"15012345678\"}');
INSERT INTO `orders` VALUES ('20190129140500', NULL, '15012345678', '6000', '2019-01-29 14:05:00.000000', '已结算', '{\"eFF_DATE\":\"2017-09-01\",\"eXP_DATE\":\"2017-09-01\",\"orderSubmitOfferDtoList\":[{\"addedDtoList\":[{\"pRICING\":\"30\",\"pROD_ID\":\"31000002\"}],\"oFFER_ID\":\"20000000\",\"proDtoList\":[{\"pRICING\":\"30\",\"pROD_ID\":\"21000001\"}]},{\"addedDtoList\":[{\"pRICING\":\"30\",\"pROD_ID\":\"31000002\"}],\"oFFER_ID\":\"20000000\",\"proDtoList\":[{\"pRICING\":\"30\",\"pROD_ID\":\"21000001\"}]}],\"pRICING\":\"6000\",\"uSER_NAME\":\"15012345678\"}');
INSERT INTO `orders` VALUES ('20190129141012', NULL, '15012345678', '9000', '2019-01-29 14:10:12.000000', '已结算', '{\"eFF_DATE\":\"2017-09-01\",\"eXP_DATE\":\"2017-09-01\",\"orderSubmitOfferDtoList\":[{\"addedDtoList\":[{\"pRICING\":\"30\",\"pROD_ID\":\"31000003\"}],\"oFFER_ID\":\"20000000\",\"proDtoList\":[{\"pRICING\":\"30\",\"pROD_ID\":\"21000001\"}]},{\"addedDtoList\":[{\"pRICING\":\"30\",\"pROD_ID\":\"31000003\"}],\"oFFER_ID\":\"20000000\",\"proDtoList\":[{\"pRICING\":\"30\",\"pROD_ID\":\"21000001\"}]},{\"addedDtoList\":[{\"pRICING\":\"30\",\"pROD_ID\":\"31000003\"}],\"oFFER_ID\":\"20000000\",\"proDtoList\":[{\"pRICING\":\"30\",\"pROD_ID\":\"21000001\"}]}],\"pRICING\":\"9000\",\"uSER_NAME\":\"15012345678\"}');
INSERT INTO `orders` VALUES ('20190129142425', NULL, '15012345678', '3000', '2019-01-29 14:24:25.000000', '已结算', '{\"eFF_DATE\":\"2017-09-01\",\"eXP_DATE\":\"2017-09-01\",\"orderSubmitOfferDtoList\":[{\"addedDtoList\":[{\"pRICING\":\"30\",\"pROD_ID\":\"31000003\"}],\"oFFER_ID\":\"20000000\",\"proDtoList\":[{\"pRICING\":\"30\",\"pROD_ID\":\"21000001\"}]}],\"pRICING\":\"3000\",\"uSER_NAME\":\"15012345678\"}');
INSERT INTO `orders` VALUES ('20190129142539', NULL, '15012345678', '6000', '2019-01-29 14:25:39.000000', '已结算', '{\"eFF_DATE\":\"2017-09-01\",\"eXP_DATE\":\"2017-09-01\",\"orderSubmitOfferDtoList\":[{\"addedDtoList\":[],\"oFFER_ID\":\"21000000\",\"proDtoList\":[{\"pRICING\":\"30\",\"pROD_ID\":\"21000001\"}]},{\"addedDtoList\":[],\"oFFER_ID\":\"31100000\",\"proDtoList\":[{\"pRICING\":\"30\",\"pROD_ID\":\"31000001\"}]}],\"pRICING\":\"6000\",\"uSER_NAME\":\"15012345678\"}');
INSERT INTO `orders` VALUES ('20190129143136', NULL, '15012345678', '3000', '2019-01-29 14:31:36.000000', '已结算', '{\"eFF_DATE\":\"2017-09-01\",\"eXP_DATE\":\"2017-09-01\",\"orderSubmitOfferDtoList\":[{\"addedDtoList\":[{\"pRICING\":\"30\",\"pROD_ID\":\"31000003\"}],\"oFFER_ID\":\"20000000\",\"proDtoList\":[{\"pRICING\":\"30\",\"pROD_ID\":\"21000001\"}]}],\"pRICING\":\"3000\",\"uSER_NAME\":\"15012345678\"}');
INSERT INTO `orders` VALUES ('20190129143525', NULL, '15012345678', '3000', '2019-01-29 14:35:25.000000', '已结算', '{\"eFF_DATE\":\"2017-09-01\",\"eXP_DATE\":\"2017-09-01\",\"orderSubmitOfferDtoList\":[{\"addedDtoList\":[],\"oFFER_ID\":\"31100000\",\"proDtoList\":[{\"pRICING\":\"30\",\"pROD_ID\":\"31000001\"}]}],\"pRICING\":\"3000\",\"uSER_NAME\":\"15012345678\"}');
INSERT INTO `orders` VALUES ('20190129143740', NULL, '15012345678', '3000', '2019-01-29 14:37:40.000000', '已结算', '{\"eFF_DATE\":\"2017-09-01\",\"eXP_DATE\":\"2017-09-01\",\"orderSubmitOfferDtoList\":[{\"addedDtoList\":[{\"pRICING\":\"30\",\"pROD_ID\":\"31000003\"}],\"oFFER_ID\":\"20000000\",\"proDtoList\":[{\"pRICING\":\"30\",\"pROD_ID\":\"21000001\"}]}],\"pRICING\":\"3000\",\"uSER_NAME\":\"15012345678\"}');
INSERT INTO `orders` VALUES ('20190129144150', NULL, '15012345678', '3000', '2019-01-29 14:41:50.000000', '已结算', '{\"eFF_DATE\":\"2017-09-01\",\"eXP_DATE\":\"2017-09-01\",\"orderSubmitOfferDtoList\":[{\"addedDtoList\":[],\"oFFER_ID\":\"21000000\",\"proDtoList\":[{\"pRICING\":\"30\",\"pROD_ID\":\"21000001\"}]}],\"pRICING\":\"3000\",\"uSER_NAME\":\"15012345678\"}');
INSERT INTO `orders` VALUES ('20190129144249', NULL, '15012345678', '3000', '2019-01-29 14:42:49.000000', '已结算', '{\"eFF_DATE\":\"2017-09-01\",\"eXP_DATE\":\"2017-09-01\",\"orderSubmitOfferDtoList\":[{\"addedDtoList\":[],\"oFFER_ID\":\"21000000\",\"proDtoList\":[{\"pRICING\":\"30\",\"pROD_ID\":\"21000001\"}]}],\"pRICING\":\"3000\",\"uSER_NAME\":\"15012345678\"}');
INSERT INTO `orders` VALUES ('20190129144321', NULL, '15012345678', '3000', '2019-01-29 14:43:21.000000', '已结算', '{\"eFF_DATE\":\"2017-09-01\",\"eXP_DATE\":\"2017-09-01\",\"orderSubmitOfferDtoList\":[{\"addedDtoList\":[],\"oFFER_ID\":\"31100000\",\"proDtoList\":[{\"pRICING\":\"30\",\"pROD_ID\":\"31000001\"}]}],\"pRICING\":\"3000\",\"uSER_NAME\":\"15012345678\"}');
INSERT INTO `orders` VALUES ('20190129144337', NULL, '15012345678', '3000', '2019-01-29 14:43:37.000000', '已结算', '{\"eFF_DATE\":\"2017-09-01\",\"eXP_DATE\":\"2017-09-01\",\"orderSubmitOfferDtoList\":[{\"addedDtoList\":[{\"pRICING\":\"30\",\"pROD_ID\":\"31000002\"}],\"oFFER_ID\":\"20000000\",\"proDtoList\":[{\"pRICING\":\"30\",\"pROD_ID\":\"21000001\"}]}],\"pRICING\":\"3000\",\"uSER_NAME\":\"15012345678\"}');
INSERT INTO `orders` VALUES ('20190129150543', NULL, '15012345678', '3000', '2019-01-29 15:05:43.000000', '已结算', '{\"eFF_DATE\":\"2017-09-01\",\"eXP_DATE\":\"2017-09-01\",\"orderSubmitOfferDtoList\":[{\"addedDtoList\":[{\"pRICING\":\"30\",\"pROD_ID\":\"31000003\"}],\"oFFER_ID\":\"20000000\",\"proDtoList\":[{\"pRICING\":\"30\",\"pROD_ID\":\"21000001\"}]}],\"pRICING\":\"3000\",\"uSER_NAME\":\"15012345678\"}');
INSERT INTO `orders` VALUES ('20190129150612', NULL, '15012345678', '6000', '2019-01-29 15:06:12.000000', '已结算', '{\"eFF_DATE\":\"2017-09-01\",\"eXP_DATE\":\"2017-09-01\",\"orderSubmitOfferDtoList\":[{\"addedDtoList\":[],\"oFFER_ID\":\"21000000\",\"proDtoList\":[{\"pRICING\":\"30\",\"pROD_ID\":\"21000001\"}]},{\"addedDtoList\":[],\"oFFER_ID\":\"31100000\",\"proDtoList\":[{\"pRICING\":\"30\",\"pROD_ID\":\"31000001\"}]}],\"pRICING\":\"6000\",\"uSER_NAME\":\"15012345678\"}');
INSERT INTO `orders` VALUES ('20190129150822', NULL, '15012345678', '3000', '2019-01-29 15:08:22.000000', '已结算', '{\"eFF_DATE\":\"2017-09-01\",\"eXP_DATE\":\"2017-09-01\",\"orderSubmitOfferDtoList\":[{\"addedDtoList\":[{\"pRICING\":\"30\",\"pROD_ID\":\"31000003\"}],\"oFFER_ID\":\"20000000\",\"proDtoList\":[{\"pRICING\":\"30\",\"pROD_ID\":\"21000001\"}]}],\"pRICING\":\"3000\",\"uSER_NAME\":\"15012345678\"}');
INSERT INTO `orders` VALUES ('20190129150835', NULL, '15012345678', '3000', '2019-01-29 15:08:35.000000', '已结算', '{\"eFF_DATE\":\"2017-09-01\",\"eXP_DATE\":\"2017-09-01\",\"orderSubmitOfferDtoList\":[{\"addedDtoList\":[{\"pRICING\":\"30\",\"pROD_ID\":\"31000002\"},{\"pRICING\":\"30\",\"pROD_ID\":\"31000003\"}],\"oFFER_ID\":\"20000000\",\"proDtoList\":[{\"pRICING\":\"30\",\"pROD_ID\":\"21000001\"}]}],\"pRICING\":\"3000\",\"uSER_NAME\":\"15012345678\"}');
INSERT INTO `orders` VALUES ('20190129152404', NULL, '15012345678', '9000', '2019-01-29 15:24:04.000000', '已结算', '{\"eFF_DATE\":\"2017-09-01\",\"eXP_DATE\":\"2017-09-01\",\"orderSubmitOfferDtoList\":[{\"addedDtoList\":[],\"oFFER_ID\":\"20000000\",\"proDtoList\":[{\"pRICING\":\"30\",\"pROD_ID\":\"21000001\"}]},{\"addedDtoList\":[],\"oFFER_ID\":\"21000000\",\"proDtoList\":[{\"pRICING\":\"30\",\"pROD_ID\":\"21000001\"}]},{\"addedDtoList\":[],\"oFFER_ID\":\"20000000\",\"proDtoList\":[{\"pRICING\":\"30\",\"pROD_ID\":\"21000001\"}]}],\"pRICING\":\"9000\",\"uSER_NAME\":\"15012345678\"}');
INSERT INTO `orders` VALUES ('20190129152508', NULL, '15012345678', '6000', '2019-01-29 15:25:08.000000', '已结算', '{\"eFF_DATE\":\"2017-09-01\",\"eXP_DATE\":\"2017-09-01\",\"orderSubmitOfferDtoList\":[{\"addedDtoList\":[{\"pRICING\":\"30\",\"pROD_ID\":\"31000003\"}],\"oFFER_ID\":\"20000000\",\"proDtoList\":[{\"pRICING\":\"30\",\"pROD_ID\":\"21000001\"}]},{\"addedDtoList\":[],\"oFFER_ID\":\"21000000\",\"proDtoList\":[{\"pRICING\":\"30\",\"pROD_ID\":\"21000001\"}]}],\"pRICING\":\"6000\",\"uSER_NAME\":\"15012345678\"}');
INSERT INTO `orders` VALUES ('20190129162241', NULL, '15012345678', '6000', '2019-01-29 16:22:41.000000', '已结算', '{\"eFF_DATE\":\"2019-1-30\",\"eXP_DATE\":\"2019-01-31\",\"orderSubmitOfferDtoList\":[{\"addedDtoList\":[{\"pRICING\":\"30\",\"pROD_ID\":\"31000002\"},{\"pRICING\":\"30\",\"pROD_ID\":\"31000003\"}],\"oFFER_ID\":\"20000000\",\"proDtoList\":[{\"pRICING\":\"30\",\"pROD_ID\":\"21000001\"}]},{\"addedDtoList\":[],\"oFFER_ID\":\"21000000\",\"proDtoList\":[{\"pRICING\":\"30\",\"pROD_ID\":\"21000001\"}]}],\"pRICING\":\"6000\",\"uSER_NAME\":\"15012345678\"}');
INSERT INTO `orders` VALUES ('20190129162656', NULL, '15012345678', '6000', '2019-01-29 16:26:56.000000', '已结算', '{\"eFF_DATE\":\"2019-1-30\",\"eXP_DATE\":\"2019-1-30\",\"orderSubmitOfferDtoList\":[{\"addedDtoList\":[{\"pRICING\":\"30\",\"pROD_ID\":\"31000002\"},{\"pRICING\":\"30\",\"pROD_ID\":\"31000003\"}],\"oFFER_ID\":\"20000000\",\"proDtoList\":[{\"pRICING\":\"30\",\"pROD_ID\":\"21000001\"}]},{\"addedDtoList\":[],\"oFFER_ID\":\"21000000\",\"proDtoList\":[{\"pRICING\":\"30\",\"pROD_ID\":\"21000001\"}]}],\"pRICING\":\"6000\",\"uSER_NAME\":\"15012345678\"}');
INSERT INTO `orders` VALUES ('20190129163630', NULL, '15012345678', '6000', '2019-01-29 16:36:30.000000', '已结算', '{\"eFF_DATE\":\"2019-1-30\",\"eXP_DATE\":\"2019-1-30\",\"orderSubmitOfferDtoList\":[{\"addedDtoList\":[],\"oFFER_ID\":\"20000000\",\"proDtoList\":[{\"pRICING\":\"30\",\"pROD_ID\":\"21000001\"}]},{\"addedDtoList\":[],\"oFFER_ID\":\"21000000\",\"proDtoList\":[{\"pRICING\":\"30\",\"pROD_ID\":\"21000001\"}]}],\"pRICING\":\"6000\",\"uSER_NAME\":\"15012345678\"}');
INSERT INTO `orders` VALUES ('20190129164206', NULL, '15012345678', '6000', '2019-01-29 16:42:06.000000', '已结算', '{\"eFF_DATE\":\"2019-1-30\",\"eXP_DATE\":\"2019-1-30\",\"orderSubmitOfferDtoList\":[{\"addedDtoList\":[],\"oFFER_ID\":\"20000000\",\"proDtoList\":[{\"pRICING\":\"30\",\"pROD_ID\":\"21000001\"}]},{\"addedDtoList\":[],\"oFFER_ID\":\"21000000\",\"proDtoList\":[{\"pRICING\":\"30\",\"pROD_ID\":\"21000001\"}]}],\"pRICING\":\"6000\",\"uSER_NAME\":\"15012345678\"}');
INSERT INTO `orders` VALUES ('20190129164458', NULL, '15012345678', '6000', '2019-01-29 16:44:58.000000', '已结算', '{\"eFF_DATE\":\"2019-1-30\",\"eXP_DATE\":\"2019-1-30\",\"orderSubmitOfferDtoList\":[{\"addedDtoList\":[{\"pRICING\":\"30\",\"pROD_ID\":\"31000003\"}],\"oFFER_ID\":\"20000000\",\"proDtoList\":[{\"pRICING\":\"30\",\"pROD_ID\":\"21000001\"}]},{\"addedDtoList\":[],\"oFFER_ID\":\"21000000\",\"proDtoList\":[{\"pRICING\":\"30\",\"pROD_ID\":\"21000001\"}]}],\"pRICING\":\"6000\",\"uSER_NAME\":\"15012345678\"}');
INSERT INTO `orders` VALUES ('20190129165255', NULL, '15012345678', '6000', '2019-01-29 16:52:55.000000', '已结算', '{\"eFF_DATE\":\"2019-1-30\",\"eXP_DATE\":\"2019-1-30\",\"orderSubmitOfferDtoList\":[{\"addedDtoList\":[{\"pRICING\":\"30\",\"pROD_ID\":\"31000003\"}],\"oFFER_ID\":\"20000000\",\"proDtoList\":[{\"pRICING\":\"30\",\"pROD_ID\":\"21000001\"}]},{\"addedDtoList\":[],\"oFFER_ID\":\"21000000\",\"proDtoList\":[{\"pRICING\":\"30\",\"pROD_ID\":\"21000001\"}]}],\"pRICING\":\"6000\",\"uSER_NAME\":\"15012345678\"}');
INSERT INTO `orders` VALUES ('20190129165349', NULL, '15012345678', '3000', '2019-01-29 16:53:49.000000', '已结算', '{\"eFF_DATE\":\"2019-1-30\",\"eXP_DATE\":\"2019-1-30\",\"orderSubmitOfferDtoList\":[{\"addedDtoList\":[{\"pRICING\":\"30\",\"pROD_ID\":\"31000002\"},{\"pRICING\":\"30\",\"pROD_ID\":\"31000003\"}],\"oFFER_ID\":\"20000000\",\"proDtoList\":[{\"pRICING\":\"30\",\"pROD_ID\":\"21000001\"}]}],\"pRICING\":\"3000\",\"uSER_NAME\":\"15012345678\"}');
INSERT INTO `orders` VALUES ('20190129180757', NULL, '15012345678', '6000', '2019-01-29 18:07:57.000000', '已结算', '{\"eFF_DATE\":\"2019-1-30\",\"eXP_DATE\":\"2019-1-30\",\"orderSubmitOfferDtoList\":[{\"addedDtoList\":[],\"oFFER_ID\":\"21000000\",\"proDtoList\":[{\"pRICING\":\"30\",\"pROD_ID\":\"21000001\"}]},{\"addedDtoList\":[],\"oFFER_ID\":\"31100000\",\"proDtoList\":[{\"pRICING\":\"30\",\"pROD_ID\":\"31000001\"}]}],\"pRICING\":\"6000\",\"uSER_NAME\":\"15012345678\"}');
INSERT INTO `orders` VALUES ('20190129183307', NULL, '16011223344', '6000', '2019-01-29 18:33:07.000000', '已结算', '{\"eFF_DATE\":\"2019-1-30\",\"eXP_DATE\":\"2019-1-30\",\"orderSubmitOfferDtoList\":[{\"addedDtoList\":[],\"oFFER_ID\":\"20000000\",\"proDtoList\":[{\"pRICING\":\"30\",\"pROD_ID\":\"21000001\"}]},{\"addedDtoList\":[],\"oFFER_ID\":\"21000000\",\"proDtoList\":[{\"pRICING\":\"30\",\"pROD_ID\":\"21000001\"}]}],\"pRICING\":\"6000\",\"uSER_NAME\":\"16011223344\"}');
INSERT INTO `orders` VALUES ('20190129183500', NULL, '16011223344', '6000', '2019-01-29 18:35:00.000000', '已结算', '{\"eFF_DATE\":\"2019-1-30\",\"eXP_DATE\":\"2019-1-30\",\"orderSubmitOfferDtoList\":[{\"addedDtoList\":[{\"pRICING\":\"30\",\"pROD_ID\":\"31000002\"},{\"pRICING\":\"30\",\"pROD_ID\":\"31000003\"}],\"oFFER_ID\":\"20000000\",\"proDtoList\":[{\"pRICING\":\"30\",\"pROD_ID\":\"21000001\"}]},{\"addedDtoList\":[],\"oFFER_ID\":\"21000000\",\"proDtoList\":[{\"pRICING\":\"30\",\"pROD_ID\":\"21000001\"}]}],\"pRICING\":\"6000\",\"uSER_NAME\":\"16011223344\"}');
INSERT INTO `orders` VALUES ('20190129190649', NULL, '12345678', '3000', '2019-01-29 19:06:49.000000', '已结算', '{\"eFF_DATE\":\"2019-1-30\",\"eXP_DATE\":\"2019-1-30\",\"orderSubmitOfferDtoList\":[{\"addedDtoList\":[{\"pRICING\":\"30\",\"pROD_ID\":\"31000002\"},{\"pRICING\":\"30\",\"pROD_ID\":\"31000003\"}],\"oFFER_ID\":\"20000000\",\"proDtoList\":[{\"pRICING\":\"30\",\"pROD_ID\":\"21000001\"}]}],\"pRICING\":\"3000\",\"uSER_NAME\":\"12345678\"}');
INSERT INTO `orders` VALUES ('20190129190943', NULL, '15012345678', '3000', '2019-01-29 19:09:43.000000', '已结算', '{\"eFF_DATE\":\"2019-1-30\",\"eXP_DATE\":\"2019-1-30\",\"orderSubmitOfferDtoList\":[{\"addedDtoList\":[{\"pRICING\":\"30\",\"pROD_ID\":\"31000002\"},{\"pRICING\":\"30\",\"pROD_ID\":\"31000003\"}],\"oFFER_ID\":\"20000000\",\"proDtoList\":[{\"pRICING\":\"30\",\"pROD_ID\":\"21000001\"}]}],\"pRICING\":\"3000\",\"uSER_NAME\":\"15012345678\"}');
INSERT INTO `orders` VALUES ('20190129191100', NULL, '15012345678', '3000', '2019-01-29 19:11:00.000000', '已结算', '{\"eFF_DATE\":\"2019-1-30\",\"eXP_DATE\":\"2019-1-30\",\"orderSubmitOfferDtoList\":[{\"addedDtoList\":[],\"oFFER_ID\":\"21000000\",\"proDtoList\":[{\"pRICING\":\"30\",\"pROD_ID\":\"21000001\"}]}],\"pRICING\":\"3000\",\"uSER_NAME\":\"15012345678\"}');
INSERT INTO `orders` VALUES ('20190129191457', NULL, '15012345678', '3000', '2019-01-29 19:14:57.000000', '已结算', '{\"eFF_DATE\":\"2019-1-30\",\"eXP_DATE\":\"2019-1-30\",\"orderSubmitOfferDtoList\":[{\"addedDtoList\":[],\"oFFER_ID\":\"21000000\",\"proDtoList\":[{\"pRICING\":\"30\",\"pROD_ID\":\"21000001\"}]}],\"pRICING\":\"3000\",\"uSER_NAME\":\"15012345678\"}');
INSERT INTO `orders` VALUES ('20190129192838', NULL, '15012345678', '3000', '2019-01-29 19:28:38.000000', '已结算', '{\"eFF_DATE\":\"2019-1-30\",\"eXP_DATE\":\"2019-1-30\",\"orderSubmitOfferDtoList\":[{\"addedDtoList\":[{\"pRICING\":\"30\",\"pROD_ID\":\"31000002\"},{\"pRICING\":\"30\",\"pROD_ID\":\"31000003\"}],\"oFFER_ID\":\"20000000\",\"proDtoList\":[{\"pRICING\":\"30\",\"pROD_ID\":\"21000001\"}]}],\"pRICING\":\"3000\",\"uSER_NAME\":\"15012345678\"}');
INSERT INTO `orders` VALUES ('20190129202140', NULL, '13011223344', '6000', '2019-01-29 20:21:40.000000', '已结算', '{\"eFF_DATE\":\"2019-1-30\",\"eXP_DATE\":\"2019-1-30\",\"orderSubmitOfferDtoList\":[{\"addedDtoList\":[{\"pRICING\":\"30\",\"pROD_ID\":\"31000002\"},{\"pRICING\":\"30\",\"pROD_ID\":\"31000003\"}],\"oFFER_ID\":\"20000000\",\"proDtoList\":[{\"pRICING\":\"30\",\"pROD_ID\":\"21000001\"}]},{\"addedDtoList\":[],\"oFFER_ID\":\"21000000\",\"proDtoList\":[{\"pRICING\":\"30\",\"pROD_ID\":\"21000001\"}]}],\"pRICING\":\"6000\",\"uSER_NAME\":\"13011223344\"}');
INSERT INTO `orders` VALUES ('20190129203208', NULL, '13011223344', '9000', '2019-01-29 20:32:08.000000', '已结算', '{\"eFF_DATE\":\"2019-1-30\",\"eXP_DATE\":\"2019-1-30\",\"orderSubmitOfferDtoList\":[{\"addedDtoList\":[{\"pRICING\":\"30\",\"pROD_ID\":\"31000002\"},{\"pRICING\":\"30\",\"pROD_ID\":\"31000003\"}],\"oFFER_ID\":\"20000000\",\"proDtoList\":[{\"pRICING\":\"30\",\"pROD_ID\":\"21000001\"}]},{\"addedDtoList\":[],\"oFFER_ID\":\"21000000\",\"proDtoList\":[{\"pRICING\":\"30\",\"pROD_ID\":\"21000001\"}]},{\"addedDtoList\":[],\"oFFER_ID\":\"31100000\",\"proDtoList\":[{\"pRICING\":\"30\",\"pROD_ID\":\"31000001\"}]}],\"pRICING\":\"9000\",\"uSER_NAME\":\"13011223344\"}');
INSERT INTO `orders` VALUES ('20190129203304', NULL, '13011223344', '6000', '2019-01-29 20:33:04.000000', '已结算', '{\"eFF_DATE\":\"2019-1-30\",\"eXP_DATE\":\"2019-1-30\",\"orderSubmitOfferDtoList\":[{\"addedDtoList\":[{\"pRICING\":\"30\",\"pROD_ID\":\"31000003\"}],\"oFFER_ID\":\"20000000\",\"proDtoList\":[{\"pRICING\":\"30\",\"pROD_ID\":\"21000001\"}]},{\"addedDtoList\":[],\"oFFER_ID\":\"21000000\",\"proDtoList\":[{\"pRICING\":\"30\",\"pROD_ID\":\"21000001\"}]}],\"pRICING\":\"6000\",\"uSER_NAME\":\"13011223344\"}');
INSERT INTO `orders` VALUES ('20190129203323', NULL, '13011223344', '3000', '2019-01-29 20:33:23.000000', '已结算', '{\"eFF_DATE\":\"2019-1-30\",\"eXP_DATE\":\"2019-1-30\",\"orderSubmitOfferDtoList\":[{\"addedDtoList\":[],\"oFFER_ID\":\"21000000\",\"proDtoList\":[{\"pRICING\":\"30\",\"pROD_ID\":\"21000001\"}]}],\"pRICING\":\"3000\",\"uSER_NAME\":\"13011223344\"}');
INSERT INTO `orders` VALUES ('20190129203455', NULL, '13011223344', '3000', '2019-01-29 20:34:55.000000', '已结算', '{\"eFF_DATE\":\"2019-1-30\",\"eXP_DATE\":\"2019-1-30\",\"orderSubmitOfferDtoList\":[{\"addedDtoList\":[],\"oFFER_ID\":\"31100000\",\"proDtoList\":[{\"pRICING\":\"30\",\"pROD_ID\":\"31000001\"}]}],\"pRICING\":\"3000\",\"uSER_NAME\":\"13011223344\"}');
INSERT INTO `orders` VALUES ('20190221155419', NULL, '15012345678', '6100', '2019-02-21 15:54:19.000000', '已结算', '{\"eFF_DATE\":\"2019-2-22\",\"eXP_DATE\":\"2019-2-22\",\"orderSubmitOfferDtoList\":[{\"addedDtoList\":[{\"pRICING\":\"30\",\"pROD_ID\":\"10012\"}],\"oFFER_ID\":\"10000\",\"proDtoList\":[{\"pRICING\":\"31\",\"pROD_ID\":\"10001\"}]},{\"addedDtoList\":[],\"oFFER_ID\":\"undefined\",\"proDtoList\":[{\"pRICING\":\"30\",\"pROD_ID\":\"10002\"}]}],\"pRICING\":\"6100\",\"uSER_NAME\":\"15012345678\"}');
INSERT INTO `orders` VALUES ('20190221155949', NULL, '15012345678', '9000', '2019-02-21 15:59:49.000000', '已结算', '{\"eFF_DATE\":\"2019-2-22\",\"eXP_DATE\":\"2019-2-22\",\"orderSubmitOfferDtoList\":[{\"addedDtoList\":[{\"pRICING\":\"30\",\"pROD_ID\":\"31000003\"}],\"oFFER_ID\":\"20000000\",\"proDtoList\":[{\"pRICING\":\"30\",\"pROD_ID\":\"21000001\"}]},{\"addedDtoList\":[{\"pRICING\":\"30\",\"pROD_ID\":\"31000003\"}],\"oFFER_ID\":\"20000000\",\"proDtoList\":[{\"pRICING\":\"30\",\"pROD_ID\":\"21000001\"}]},{\"addedDtoList\":[{\"pRICING\":\"30\",\"pROD_ID\":\"31000003\"}],\"oFFER_ID\":\"20000000\",\"proDtoList\":[{\"pRICING\":\"30\",\"pROD_ID\":\"21000001\"}]}],\"pRICING\":\"9000\",\"uSER_NAME\":\"15012345678\"}');
INSERT INTO `orders` VALUES ('20190221160139', NULL, '15012345678', '9000', '2019-02-21 16:01:39.000000', '已结算', '{\"eFF_DATE\":\"2019-2-22\",\"eXP_DATE\":\"2019-2-22\",\"orderSubmitOfferDtoList\":[{\"addedDtoList\":[],\"oFFER_ID\":\"20000000\",\"proDtoList\":[{\"pRICING\":\"30\",\"pROD_ID\":\"21000001\",\"rESOURCES_NUM\":\"3\"}]},{\"addedDtoList\":[],\"oFFER_ID\":\"20000000\",\"proDtoList\":[{\"pRICING\":\"30\",\"pROD_ID\":\"21000001\",\"rESOURCES_NUM\":\"3\"}]},{\"addedDtoList\":[],\"oFFER_ID\":\"20000000\",\"proDtoList\":[{\"pRICING\":\"30\",\"pROD_ID\":\"21000001\",\"rESOURCES_NUM\":\"3\"}]}],\"pRICING\":\"9000\",\"uSER_NAME\":\"15012345678\"}');
INSERT INTO `orders` VALUES ('20190221160639', NULL, '15012345678', '9000', '2019-02-21 16:06:39.000000', '已结算', '{\"eFF_DATE\":\"2019-2-22\",\"eXP_DATE\":\"2019-2-22\",\"orderSubmitOfferDtoList\":[{\"addedDtoList\":[{\"pRICING\":\"30\",\"pROD_ID\":\"31000003\"}],\"oFFER_ID\":\"20000000\",\"proDtoList\":[{\"pRICING\":\"30\",\"pROD_ID\":\"21000001\",\"rESOURCES_NUM\":\"3\"}]},{\"addedDtoList\":[{\"pRICING\":\"30\",\"pROD_ID\":\"31000003\"}],\"oFFER_ID\":\"20000000\",\"proDtoList\":[{\"pRICING\":\"30\",\"pROD_ID\":\"21000001\",\"rESOURCES_NUM\":\"3\"}]},{\"addedDtoList\":[{\"pRICING\":\"30\",\"pROD_ID\":\"31000003\"}],\"oFFER_ID\":\"20000000\",\"proDtoList\":[{\"pRICING\":\"30\",\"pROD_ID\":\"21000001\",\"rESOURCES_NUM\":\"3\"}]}],\"pRICING\":\"9000\",\"uSER_NAME\":\"15012345678\"}');
INSERT INTO `orders` VALUES ('20190221160728', NULL, '15012345678', '9000', '2019-02-21 16:07:28.000000', '已结算', '{\"eFF_DATE\":\"2019-2-22\",\"eXP_DATE\":\"2019-2-22\",\"orderSubmitOfferDtoList\":[{\"addedDtoList\":[{\"pRICING\":\"30\",\"pROD_ID\":\"31000003\"}],\"oFFER_ID\":\"20000000\",\"proDtoList\":[{\"pRICING\":\"30\",\"pROD_ID\":\"21000001\",\"rESOURCES_NUM\":\"3\"}]},{\"addedDtoList\":[{\"pRICING\":\"30\",\"pROD_ID\":\"31000003\"}],\"oFFER_ID\":\"20000000\",\"proDtoList\":[{\"pRICING\":\"30\",\"pROD_ID\":\"21000001\",\"rESOURCES_NUM\":\"3\"}]},{\"addedDtoList\":[{\"pRICING\":\"30\",\"pROD_ID\":\"31000003\"}],\"oFFER_ID\":\"20000000\",\"proDtoList\":[{\"pRICING\":\"30\",\"pROD_ID\":\"21000001\",\"rESOURCES_NUM\":\"3\"}]}],\"pRICING\":\"9000\",\"uSER_NAME\":\"15012345678\"}');
INSERT INTO `orders` VALUES ('20190221160940', NULL, '15012345678', '9000', '2019-02-21 16:09:40.000000', '已结算', '{\"eFF_DATE\":\"2019-2-22\",\"eXP_DATE\":\"2019-2-22\",\"orderSubmitOfferDtoList\":[{\"addedDtoList\":[{\"pRICING\":\"30\",\"pROD_ID\":\"31000003\"}],\"oFFER_ID\":\"20000000\",\"proDtoList\":[{\"pRICING\":\"30\",\"pROD_ID\":\"21000001\",\"rESOURCES_NUM\":\"3\"}]},{\"addedDtoList\":[{\"pRICING\":\"30\",\"pROD_ID\":\"31000003\"}],\"oFFER_ID\":\"20000000\",\"proDtoList\":[{\"pRICING\":\"30\",\"pROD_ID\":\"21000001\",\"rESOURCES_NUM\":\"3\"}]},{\"addedDtoList\":[{\"pRICING\":\"30\",\"pROD_ID\":\"31000003\"}],\"oFFER_ID\":\"20000000\",\"proDtoList\":[{\"pRICING\":\"30\",\"pROD_ID\":\"21000001\",\"rESOURCES_NUM\":\"3\"}]}],\"pRICING\":\"9000\",\"uSER_NAME\":\"15012345678\"}');
INSERT INTO `orders` VALUES ('20190221161050', NULL, '15012345678', '9000', '2019-02-21 16:10:50.000000', '已结算', '{\"eFF_DATE\":\"2019-2-22\",\"eXP_DATE\":\"2019-2-22\",\"orderSubmitOfferDtoList\":[{\"addedDtoList\":[{\"pRICING\":\"30\",\"pROD_ID\":\"31000003\"}],\"oFFER_ID\":\"20000000\",\"proDtoList\":[{\"pRICING\":\"30\",\"pROD_ID\":\"21000001\",\"rESOURCES_NUM\":\"3\"}]},{\"addedDtoList\":[{\"pRICING\":\"30\",\"pROD_ID\":\"31000003\"}],\"oFFER_ID\":\"20000000\",\"proDtoList\":[{\"pRICING\":\"30\",\"pROD_ID\":\"21000001\",\"rESOURCES_NUM\":\"3\"}]},{\"addedDtoList\":[{\"pRICING\":\"30\",\"pROD_ID\":\"31000003\"}],\"oFFER_ID\":\"20000000\",\"proDtoList\":[{\"pRICING\":\"30\",\"pROD_ID\":\"21000001\",\"rESOURCES_NUM\":\"3\"}]}],\"pRICING\":\"9000\",\"uSER_NAME\":\"15012345678\"}');
INSERT INTO `orders` VALUES ('20190221162531', NULL, '15012345678', '9000', '2019-02-21 16:25:31.000000', '已结算', '{\"eFF_DATE\":\"2019-2-22\",\"eXP_DATE\":\"2019-2-22\",\"orderSubmitOfferDtoList\":[{\"addedDtoList\":[{\"pRICING\":\"30\",\"pROD_ID\":\"31000003\"}],\"oFFER_ID\":\"20000000\",\"proDtoList\":[{\"pRICING\":\"30\",\"pROD_ID\":\"21000001\",\"rESOURCES_NUM\":\"3\"}]},{\"addedDtoList\":[{\"pRICING\":\"30\",\"pROD_ID\":\"31000003\"}],\"oFFER_ID\":\"20000000\",\"proDtoList\":[{\"pRICING\":\"30\",\"pROD_ID\":\"21000001\",\"rESOURCES_NUM\":\"3\"}]},{\"addedDtoList\":[{\"pRICING\":\"30\",\"pROD_ID\":\"31000003\"}],\"oFFER_ID\":\"20000000\",\"proDtoList\":[{\"pRICING\":\"30\",\"pROD_ID\":\"21000001\",\"rESOURCES_NUM\":\"3\"}]}],\"pRICING\":\"9000\",\"uSER_NAME\":\"15012345678\"}');
INSERT INTO `orders` VALUES ('20190225171119', NULL, '15012345678', '48000', '2019-02-25 17:11:19.000000', '已结算', '{\"orderSubmitOfferDtoList\":[{\"addedDtoList\":[],\"eFF_DATE\":\"2019/02/05\",\"eXP_DATE\":\"2019/02/09\",\"oFFER_ID\":\"20000000\",\"proDtoList\":[{\"pRICING\":\"30\",\"pROD_ID\":\"21000001\"}],\"rESOURCES_NUM\":\"2\"},{\"addedDtoList\":[],\"eFF_DATE\":\"2019/02/05\",\"eXP_DATE\":\"2019/02/09\",\"oFFER_ID\":\"21000000\",\"proDtoList\":[{\"pRICING\":\"30\",\"pROD_ID\":\"21000001\"}],\"rESOURCES_NUM\":\"1\"}],\"pRICING\":\"48000\",\"uSER_NAME\":\"15012345678\"}');
INSERT INTO `orders` VALUES ('20190226112535', NULL, '15012345678', '116800', '2019-02-26 11:25:35.000000', '已结算', '{\"orderSubmitOfferDtoList\":[{\"addedDtoList\":[],\"eFF_DATE\":\"2019/02/05\",\"eXP_DATE\":\"2019/02/09\",\"oFFER_ID\":\"21000000\",\"proDtoList\":[{\"pRICING\":\"30\",\"pROD_ID\":\"21000001\"}],\"rESOURCES_NUM\":\"2\"},{\"addedDtoList\":[],\"eFF_DATE\":\"2019/03/01\",\"eXP_DATE\":\"2019/03/29\",\"oFFER_ID\":\"21000000\",\"proDtoList\":[{\"pRICING\":\"30\",\"pROD_ID\":\"21000001\"}],\"rESOURCES_NUM\":\"1\"},{\"addedDtoList\":[],\"eFF_DATE\":\"\",\"eXP_DATE\":\"\",\"oFFER_ID\":\"31100000\",\"proDtoList\":[{\"pRICING\":\"30\",\"pROD_ID\":\"31000001\"}],\"rESOURCES_NUM\":\"1\"},{\"addedDtoList\":[],\"eFF_DATE\":\"2019/03/13\",\"eXP_DATE\":\"2019/03/29\",\"oFFER_ID\":\"21000000\",\"proDtoList\":[{\"pRICING\":\"30\",\"pROD_ID\":\"21000001\"}],\"rESOURCES_NUM\":\"1\"}],\"pRICING\":\"116800\",\"uSER_NAME\":\"15012345678\"}');
INSERT INTO `orders` VALUES ('20190226134758', NULL, '15012345678', '110000', '2019-02-26 13:47:58.000000', '已结算', '{\"orderSubmitOfferDtoList\":[{\"addedDtoList\":[{\"pRICING\":\"30\",\"pROD_ID\":\"31000002\"},{\"pRICING\":\"30\",\"pROD_ID\":\"31000003\"}],\"eFF_DATE\":\"2019/02/27\",\"eXP_DATE\":\"2019/03/21\",\"oFFER_ID\":\"20000000\",\"proDtoList\":[{\"pRICING\":\"30\",\"pROD_ID\":\"21000001\"}],\"rESOURCES_NUM\":\"1\"}],\"pRICING\":\"110000\",\"uSER_NAME\":\"15012345678\"}');
INSERT INTO `orders` VALUES ('20190226142135', NULL, '15012345678', '28800', '2019-02-26 14:21:35.000000', '已结算', '{\"orderSubmitOfferDtoList\":[{\"addedDtoList\":[],\"eFF_DATE\":\"\",\"eXP_DATE\":\"\",\"oFFER_ID\":\"31100000\",\"proDtoList\":[{\"pRICING\":\"30\",\"pROD_ID\":\"31000001\"}],\"rESOURCES_NUM\":\"1\"},{\"addedDtoList\":[],\"eFF_DATE\":\"2019/02/28\",\"eXP_DATE\":\"2019/03/08\",\"oFFER_ID\":\"21000000\",\"proDtoList\":[{\"pRICING\":\"30\",\"pROD_ID\":\"21000001\"}],\"rESOURCES_NUM\":\"1\"}],\"pRICING\":\"28800\",\"uSER_NAME\":\"15012345678\"}');
INSERT INTO `orders` VALUES ('20190226142209', NULL, '15012345678', '28800', '2019-02-26 14:22:09.000000', '已结算', '{\"orderSubmitOfferDtoList\":[{\"addedDtoList\":[],\"eFF_DATE\":\"\",\"eXP_DATE\":\"\",\"oFFER_ID\":\"31100000\",\"proDtoList\":[{\"pRICING\":\"30\",\"pROD_ID\":\"31000001\"}],\"rESOURCES_NUM\":\"1\"},{\"addedDtoList\":[],\"eFF_DATE\":\"2019/02/28\",\"eXP_DATE\":\"2019/03/08\",\"oFFER_ID\":\"21000000\",\"proDtoList\":[{\"pRICING\":\"30\",\"pROD_ID\":\"21000001\"}],\"rESOURCES_NUM\":\"1\"}],\"pRICING\":\"28800\",\"uSER_NAME\":\"15012345678\"}');
INSERT INTO `orders` VALUES ('20190226150122', NULL, '15012345678', '89000', '2019-02-26 15:01:22.000000', '已结算', '{\"orderSubmitOfferDtoList\":[{\"addedDtoList\":[],\"eFF_DATE\":\"2019/02/28\",\"eXP_DATE\":\"2019/03/15\",\"oFFER_ID\":\"20000000\",\"proDtoList\":[{\"pRICING\":\"30\",\"pROD_ID\":\"21000001\"}],\"rESOURCES_NUM\":\"1\"},{\"addedDtoList\":[],\"eFF_DATE\":\"2019/02/27\",\"eXP_DATE\":\"2019/03/06\",\"oFFER_ID\":\"21000000\",\"proDtoList\":[{\"pRICING\":\"30\",\"pROD_ID\":\"21000001\"}],\"rESOURCES_NUM\":\"1\"}],\"pRICING\":\"89000\",\"uSER_NAME\":\"15012345678\"}');
INSERT INTO `orders` VALUES ('20190226152547', NULL, '15012345678', '89000', '2019-02-26 15:25:47.000000', '已结算', '{\"orderSubmitOfferDtoList\":[{\"addedDtoList\":[],\"eFF_DATE\":\"2019/02/28\",\"eXP_DATE\":\"2019/03/15\",\"oFFER_ID\":\"20000000\",\"proDtoList\":[{\"pRICING\":\"30\",\"pROD_ID\":\"21000001\"}],\"rESOURCES_NUM\":\"1\"},{\"addedDtoList\":[],\"eFF_DATE\":\"2019/02/27\",\"eXP_DATE\":\"2019/03/06\",\"oFFER_ID\":\"21000000\",\"proDtoList\":[{\"pRICING\":\"30\",\"pROD_ID\":\"21000001\"}],\"rESOURCES_NUM\":\"1\"}],\"pRICING\":\"89000\",\"uSER_NAME\":\"15012345678\"}');
INSERT INTO `orders` VALUES ('20190226152637', NULL, '15012345678', '89000', '2019-02-26 15:26:37.000000', '已结算', '{\"orderSubmitOfferDtoList\":[{\"addedDtoList\":[],\"eFF_DATE\":\"2019/02/28\",\"eXP_DATE\":\"2019/03/15\",\"oFFER_ID\":\"20000000\",\"proDtoList\":[{\"pRICING\":\"30\",\"pROD_ID\":\"21000001\"}],\"rESOURCES_NUM\":\"1\"},{\"addedDtoList\":[],\"eFF_DATE\":\"2019/02/27\",\"eXP_DATE\":\"2019/03/06\",\"oFFER_ID\":\"21000000\",\"proDtoList\":[{\"pRICING\":\"30\",\"pROD_ID\":\"21000001\"}],\"rESOURCES_NUM\":\"1\"}],\"pRICING\":\"89000\",\"uSER_NAME\":\"15012345678\"}');
INSERT INTO `orders` VALUES ('20190226160003', NULL, '15012345678', '64000', '2019-02-26 16:00:03.000000', '已结算', '{\"orderSubmitOfferDtoList\":[{\"addedDtoList\":[],\"eFF_DATE\":\"\",\"eXP_DATE\":\"\",\"oFFER_ID\":\"31100000\",\"proDtoList\":[{\"pRICING\":\"30\",\"pROD_ID\":\"31000001\"}],\"rESOURCES_NUM\":\"4\"},{\"addedDtoList\":[],\"eFF_DATE\":\"\",\"eXP_DATE\":\"\",\"oFFER_ID\":\"31200000\",\"proDtoList\":[{\"pRICING\":\"30\",\"pROD_ID\":\"31000002\"}],\"rESOURCES_NUM\":\"1\"}],\"pRICING\":\"64000\",\"uSER_NAME\":\"15012345678\"}');
INSERT INTO `orders` VALUES ('20190226164030', NULL, '15012345678', '45000', '2019-02-26 16:40:30.000000', '已结算', '{\"orderSubmitOfferDtoList\":[{\"addedDtoList\":[{\"pRICING\":\"30\",\"pROD_ID\":\"31000003\"}],\"eFF_DATE\":\"2019/02/27\",\"eXP_DATE\":\"2019/03/08\",\"oFFER_ID\":\"20000000\",\"proDtoList\":[{\"pRICING\":\"30\",\"pROD_ID\":\"21000001\"}],\"rESOURCES_NUM\":\"1\"}],\"pRICING\":\"45000\",\"uSER_NAME\":\"15012345678\"}');
INSERT INTO `orders` VALUES ('20190226165657', NULL, '15012345679', '22800', '2019-02-26 16:56:57.000000', '已结算', '{\"orderSubmitOfferDtoList\":[{\"addedDtoList\":[{\"pRICING\":\"30\",\"pROD_ID\":\"31000003\"}],\"eFF_DATE\":\"2019/02/26\",\"eXP_DATE\":\"2019/02/28\",\"oFFER_ID\":\"20000000\",\"proDtoList\":[{\"pRICING\":\"30\",\"pROD_ID\":\"21000001\"}],\"rESOURCES_NUM\":\"1\"},{\"addedDtoList\":[],\"eFF_DATE\":\"\",\"eXP_DATE\":\"\",\"oFFER_ID\":\"31100000\",\"proDtoList\":[{\"pRICING\":\"30\",\"pROD_ID\":\"31000001\"}],\"rESOURCES_NUM\":\"1\"}],\"pRICING\":\"22800\",\"uSER_NAME\":\"15012345679\"}');
INSERT INTO `orders` VALUES ('20190227140846', NULL, '15012345678', '10000', '2019-02-27 14:08:46.000000', '已结算', '{\"orderSubmitOfferDtoList\":[{\"addedDtoList\":[{\"pRICING\":\"30\",\"pROD_ID\":\"31000003\"}],\"eFF_DATE\":\"2019/02/27\",\"eXP_DATE\":\"2019/03/01\",\"oFFER_ID\":\"20000000\",\"proDtoList\":[{\"pRICING\":\"30\",\"pROD_ID\":\"21000001\"}],\"rESOURCES_NUM\":\"1\"}],\"pRICING\":\"10000\",\"uSER_NAME\":\"15012345678\"}');
COMMIT;

-- ----------------------------
-- Table structure for prod_attr
-- ----------------------------
DROP TABLE IF EXISTS `prod_attr`;
CREATE TABLE `prod_attr` (
  `PROD_ATTR_ID` int(16) NOT NULL AUTO_INCREMENT COMMENT '产品属性标识，主键',
  `PROD_ID` int(9) NOT NULL COMMENT '记录产品标识',
  `ATTR_ID` int(16) DEFAULT NULL COMMENT '属性规格业务编码，根据编码表映射属性名',
  `PAR_PROD_ATTR_ID` int(16) DEFAULT '-1' COMMENT '父级产品属性标识，如果没有父级的情况，填入默认值-1',
  `DEFAULT_VALUE` varchar(512) DEFAULT NULL COMMENT '默认值',
  `COMMENTS` varchar(250) DEFAULT NULL COMMENT '对产品属性的描述说明',
  `IF_NECESSARY` varchar(3) DEFAULT NULL,
  `IF_TO_CHANGE` varchar(3) DEFAULT NULL,
  `APPLY_REGION_ID` int(16) DEFAULT NULL COMMENT '记录适用的区域范围，来源COMMON_REGION_ID',
  `EFF_DATE` datetime DEFAULT NULL COMMENT '记录生效时间',
  `EXP_DATE` datetime DEFAULT NULL COMMENT '记录失效日期',
  `STATUS_CD` varchar(10) DEFAULT NULL COMMENT '记录状态',
  `CREATE_STAFF` int(16) DEFAULT NULL COMMENT '记录创建的员工',
  `UPDATE_STAFF` int(16) DEFAULT NULL COMMENT '记录修改的员工',
  `CREATE_DATE` datetime DEFAULT NULL COMMENT '记录创建的时间',
  `STATUS_DATE` datetime DEFAULT NULL COMMENT '状态变更的时间',
  `UPDATE_DATE` datetime DEFAULT NULL COMMENT '记录修改的时间',
  `REMARK` varchar(2000) DEFAULT NULL COMMENT '记录备注信息',
  PRIMARY KEY (`PROD_ATTR_ID`) USING BTREE
) ENGINE=InnoDB AUTO_INCREMENT=9 DEFAULT CHARSET=utf8 COMMENT='产品属性表';

-- ----------------------------
-- Records of prod_attr
-- ----------------------------
BEGIN;
INSERT INTO `prod_attr` VALUES (1, 21000001, 1002, NULL, 'https://timgsa.baidu.com/timg?image&quality=80&size=b9999_10000&sec=1548414262317&di=901454007fe2528a295d783c2e623b15&imgtype=0&src=http%3A%2F%2Fpic165.nipic.com%2Ffile%2F20180518%2F10673188_213842226082_2.jpg', NULL, NULL, NULL, 1, '2019-01-23 10:58:03', '2019-01-31 08:58:10', '已上架', NULL, NULL, NULL, NULL, NULL, NULL);
INSERT INTO `prod_attr` VALUES (2, 31000001, 1002, NULL, 'https://timgsa.baidu.com/timg?image&quality=80&size=b9999_10000&sec=1548414262317&di=901454007fe2528a295d783c2e623b15&imgtype=0&src=http%3A%2F%2Fpic165.nipic.com%2Ffile%2F20180518%2F10673188_213842226082_2.jpg', NULL, NULL, NULL, 1, '2019-01-23 11:00:03', '2019-01-31 11:00:07', '已上架', NULL, NULL, NULL, NULL, NULL, NULL);
INSERT INTO `prod_attr` VALUES (3, 31000002, 1002, NULL, 'https://timgsa.baidu.com/timg?image&quality=80&size=b9999_10000&sec=1548414262317&di=901454007fe2528a295d783c2e623b15&imgtype=0&src=http%3A%2F%2Fpic165.nipic.com%2Ffile%2F20180518%2F10673188_213842226082_2.jpg', NULL, NULL, NULL, 1, '2019-01-23 11:00:53', '2019-01-31 11:00:57', '已上架', NULL, NULL, NULL, NULL, NULL, NULL);
INSERT INTO `prod_attr` VALUES (4, 31000003, 1002, NULL, 'https://timgsa.baidu.com/timg?image&quality=80&size=b9999_10000&sec=1548414262317&di=901454007fe2528a295d783c2e623b15&imgtype=0&src=http%3A%2F%2Fpic165.nipic.com%2Ffile%2F20180518%2F10673188_213842226082_2.jpg', NULL, NULL, NULL, 1, '2019-01-23 11:01:38', '2019-01-31 11:01:41', '已上架', NULL, NULL, NULL, NULL, NULL, NULL);
INSERT INTO `prod_attr` VALUES (5, 21000001, 1001, NULL, '/icon/sm.png', NULL, NULL, NULL, 1, '2019-01-23 10:58:03', '2019-01-31 08:58:10', '已上架', NULL, NULL, NULL, NULL, NULL, NULL);
INSERT INTO `prod_attr` VALUES (6, 31000001, 1001, NULL, '/icon/zj.png', NULL, NULL, NULL, 1, '2019-01-23 11:00:03', '2019-01-31 11:00:07', '已上架', NULL, NULL, NULL, NULL, NULL, NULL);
INSERT INTO `prod_attr` VALUES (7, 31000002, 1001, NULL, '/icon/zj.png', NULL, NULL, NULL, 1, '2019-01-23 11:00:53', '2019-01-31 11:00:57', '已上架', NULL, NULL, NULL, NULL, NULL, NULL);
INSERT INTO `prod_attr` VALUES (8, 31000003, 1001, NULL, '/icon/zj.png', NULL, NULL, NULL, 1, '2019-01-23 11:01:38', '2019-01-31 11:01:41', '已上架', NULL, NULL, NULL, NULL, NULL, NULL);
COMMIT;

-- ----------------------------
-- Table structure for prod_inst
-- ----------------------------
DROP TABLE IF EXISTS `prod_inst`;
CREATE TABLE `prod_inst` (
  `PROD_INST_ID` int(16) NOT NULL AUTO_INCREMENT COMMENT '主键',
  `PROD_ID` int(16) DEFAULT NULL COMMENT '产品ID',
  `CUST_ID` varchar(255) DEFAULT NULL COMMENT '客户ID',
  `PROD_INST_TYPE` varchar(10) DEFAULT NULL COMMENT '实例类型',
  `PROD_INST_NAME` varchar(250) DEFAULT NULL COMMENT '实例名称',
  `CUST_ORDER_ID` int(16) DEFAULT NULL COMMENT '订单ID',
  `CUST_ORDER_NBR` varchar(30) DEFAULT NULL COMMENT '订单流水号',
  `EFF_DATE` datetime DEFAULT NULL COMMENT '记录生效时间',
  `EXP_DATE` datetime DEFAULT NULL COMMENT '记录失效日期',
  `REMARK` varchar(2000) DEFAULT NULL COMMENT '备注',
  `STATUS_CD` varchar(10) NOT NULL COMMENT '记录状态',
  `CREATE_STAFF` int(16) DEFAULT NULL COMMENT '记录创建的员工',
  `UPDATE_STAFF` int(16) DEFAULT NULL COMMENT '记录修改的员工',
  `CREATE_DATE` datetime DEFAULT NULL COMMENT '记录创建的时间',
  `STATUS_DATE` datetime DEFAULT NULL COMMENT '状态变更的时间',
  `UPDATE_DATE` datetime DEFAULT NULL COMMENT '记录修改的时间',
  PRIMARY KEY (`PROD_INST_ID`) USING BTREE
) ENGINE=InnoDB AUTO_INCREMENT=236 DEFAULT CHARSET=utf8 COMMENT='产品实例';

-- ----------------------------
-- Records of prod_inst
-- ----------------------------
BEGIN;
INSERT INTO `prod_inst` VALUES (225, 21000001, '15012345678', NULL, '主机监控', NULL, '20190226152637', '2019-02-28 00:00:00', '2019-03-15 00:00:00', NULL, '0', NULL, NULL, NULL, NULL, NULL);
INSERT INTO `prod_inst` VALUES (226, 21000001, '15012345678', NULL, '主机监控', NULL, '20190226152637', '2019-02-27 00:00:00', '2019-03-06 00:00:00', NULL, '0', NULL, NULL, NULL, NULL, NULL);
INSERT INTO `prod_inst` VALUES (227, 31000001, '15012345678', NULL, '上门安装', NULL, '20190226160003', NULL, NULL, NULL, '0', NULL, NULL, NULL, NULL, NULL);
INSERT INTO `prod_inst` VALUES (228, 31000002, '15012345678', NULL, '在线安装', NULL, '20190226160003', NULL, NULL, NULL, '0', NULL, NULL, NULL, NULL, NULL);
INSERT INTO `prod_inst` VALUES (229, 21000001, '15012345678', NULL, '主机监控', NULL, '20190226164030', '2019-02-27 00:00:00', '2019-03-08 00:00:00', NULL, '0', NULL, NULL, NULL, NULL, NULL);
INSERT INTO `prod_inst` VALUES (230, 31000003, '15012345678', NULL, '在线服务', NULL, '20190226164030', '2019-02-27 00:00:00', '2019-03-08 00:00:00', NULL, '0', NULL, NULL, NULL, NULL, NULL);
INSERT INTO `prod_inst` VALUES (231, 21000001, '15012345679', NULL, '主机监控', NULL, '20190226165657', '2019-02-26 00:00:00', '2019-02-28 00:00:00', NULL, '0', NULL, NULL, NULL, NULL, NULL);
INSERT INTO `prod_inst` VALUES (232, 31000003, '15012345679', NULL, '在线服务', NULL, '20190226165657', '2019-02-26 00:00:00', '2019-02-28 00:00:00', NULL, '0', NULL, NULL, NULL, NULL, NULL);
INSERT INTO `prod_inst` VALUES (233, 31000001, '15012345679', NULL, '上门安装', NULL, '20190226165657', NULL, NULL, NULL, '0', NULL, NULL, NULL, NULL, NULL);
INSERT INTO `prod_inst` VALUES (234, 21000001, '15012345678', NULL, '主机监控', NULL, '20190227140846', '2019-02-27 00:00:00', '2019-03-01 00:00:00', NULL, '0', NULL, NULL, NULL, NULL, NULL);
INSERT INTO `prod_inst` VALUES (235, 31000003, '15012345678', NULL, '在线服务', NULL, '20190227140846', '2019-02-27 00:00:00', '2019-03-01 00:00:00', NULL, '0', NULL, NULL, NULL, NULL, NULL);
COMMIT;

-- ----------------------------
-- Table structure for prod_inst_attr
-- ----------------------------
DROP TABLE IF EXISTS `prod_inst_attr`;
CREATE TABLE `prod_inst_attr` (
  `PROD_INST_ATTR_ID` int(16) NOT NULL AUTO_INCREMENT COMMENT '主键',
  `PROD_ID` int(16) DEFAULT NULL,
  `PROD_INST_ID` int(16) DEFAULT NULL COMMENT '产品实例ID',
  `CUST_ID` varchar(16) DEFAULT NULL COMMENT '客户ID',
  `ATTR_ID` int(16) DEFAULT NULL COMMENT '属性编码',
  `ATTR_VAL` varchar(250) DEFAULT NULL COMMENT '属性值',
  `CUST_ORDER_ID` int(16) DEFAULT NULL COMMENT '订单ID',
  `CUST_ORDER_NBR` varchar(30) DEFAULT NULL COMMENT '订单流水号',
  `EFF_DATE` datetime DEFAULT NULL COMMENT '记录生效时间',
  `EXP_DATE` datetime DEFAULT NULL COMMENT '记录失效日期',
  `REMARK` varchar(2000) DEFAULT NULL COMMENT '备注',
  `STATUS_CD` varchar(10) NOT NULL COMMENT '记录状态',
  `CREATE_STAFF` int(16) DEFAULT NULL COMMENT '记录创建的员工',
  `UPDATE_STAFF` int(16) DEFAULT NULL COMMENT '记录修改的员工',
  `CREATE_DATE` datetime DEFAULT NULL COMMENT '记录创建的时间',
  `STATUS_DATE` datetime DEFAULT NULL COMMENT '状态变更的时间',
  `UPDATE_DATE` datetime DEFAULT NULL COMMENT '记录修改的时间',
  PRIMARY KEY (`PROD_INST_ATTR_ID`) USING BTREE
) ENGINE=InnoDB AUTO_INCREMENT=470 DEFAULT CHARSET=utf8 COMMENT='产品实例属性';

-- ----------------------------
-- Records of prod_inst_attr
-- ----------------------------
BEGIN;
INSERT INTO `prod_inst_attr` VALUES (448, 21000001, 225, '15012345678', 1002, 'https://timgsa.baidu.com/timg?image&quality=80&size=b9999_10000&sec=1548414262317&di=901454007fe2528a295d783c2e623b15&imgtype=0&src=http%3A%2F%2Fpic165.nipic.com%2Ffile%2F20180518%2F10673188_213842226082_2.jpg', NULL, '20190226152637', '2019-02-28 00:00:00', '2019-03-15 00:00:00', NULL, '0', NULL, NULL, NULL, NULL, NULL);
INSERT INTO `prod_inst_attr` VALUES (449, 21000001, 225, '15012345678', 1001, '/icon/sm.png', NULL, '20190226152637', '2019-02-28 00:00:00', '2019-03-15 00:00:00', NULL, '0', NULL, NULL, NULL, NULL, NULL);
INSERT INTO `prod_inst_attr` VALUES (450, 21000001, 226, '15012345678', 1002, 'https://timgsa.baidu.com/timg?image&quality=80&size=b9999_10000&sec=1548414262317&di=901454007fe2528a295d783c2e623b15&imgtype=0&src=http%3A%2F%2Fpic165.nipic.com%2Ffile%2F20180518%2F10673188_213842226082_2.jpg', NULL, '20190226152637', '2019-02-27 00:00:00', '2019-03-06 00:00:00', NULL, '0', NULL, NULL, NULL, NULL, NULL);
INSERT INTO `prod_inst_attr` VALUES (451, 21000001, 226, '15012345678', 1001, '/icon/sm.png', NULL, '20190226152637', '2019-02-27 00:00:00', '2019-03-06 00:00:00', NULL, '0', NULL, NULL, NULL, NULL, NULL);
INSERT INTO `prod_inst_attr` VALUES (452, 31000001, 227, '15012345678', 1002, 'https://timgsa.baidu.com/timg?image&quality=80&size=b9999_10000&sec=1548414262317&di=901454007fe2528a295d783c2e623b15&imgtype=0&src=http%3A%2F%2Fpic165.nipic.com%2Ffile%2F20180518%2F10673188_213842226082_2.jpg', NULL, '20190226160003', NULL, NULL, NULL, '0', NULL, NULL, NULL, NULL, NULL);
INSERT INTO `prod_inst_attr` VALUES (453, 31000001, 227, '15012345678', 1001, '/icon/zj.png', NULL, '20190226160003', NULL, NULL, NULL, '0', NULL, NULL, NULL, NULL, NULL);
INSERT INTO `prod_inst_attr` VALUES (454, 31000002, 228, '15012345678', 1002, 'https://timgsa.baidu.com/timg?image&quality=80&size=b9999_10000&sec=1548414262317&di=901454007fe2528a295d783c2e623b15&imgtype=0&src=http%3A%2F%2Fpic165.nipic.com%2Ffile%2F20180518%2F10673188_213842226082_2.jpg', NULL, '20190226160003', NULL, NULL, NULL, '0', NULL, NULL, NULL, NULL, NULL);
INSERT INTO `prod_inst_attr` VALUES (455, 31000002, 228, '15012345678', 1001, '/icon/zj.png', NULL, '20190226160003', NULL, NULL, NULL, '0', NULL, NULL, NULL, NULL, NULL);
INSERT INTO `prod_inst_attr` VALUES (456, 21000001, 229, '15012345678', 1002, 'https://timgsa.baidu.com/timg?image&quality=80&size=b9999_10000&sec=1548414262317&di=901454007fe2528a295d783c2e623b15&imgtype=0&src=http%3A%2F%2Fpic165.nipic.com%2Ffile%2F20180518%2F10673188_213842226082_2.jpg', NULL, '20190226164030', '2019-02-27 00:00:00', '2019-03-08 00:00:00', NULL, '0', NULL, NULL, NULL, NULL, NULL);
INSERT INTO `prod_inst_attr` VALUES (457, 21000001, 229, '15012345678', 1001, '/icon/sm.png', NULL, '20190226164030', '2019-02-27 00:00:00', '2019-03-08 00:00:00', NULL, '0', NULL, NULL, NULL, NULL, NULL);
INSERT INTO `prod_inst_attr` VALUES (458, 31000003, 230, '15012345678', 1002, 'https://timgsa.baidu.com/timg?image&quality=80&size=b9999_10000&sec=1548414262317&di=901454007fe2528a295d783c2e623b15&imgtype=0&src=http%3A%2F%2Fpic165.nipic.com%2Ffile%2F20180518%2F10673188_213842226082_2.jpg', NULL, '20190226164030', '2019-02-27 00:00:00', '2019-03-08 00:00:00', NULL, '0', NULL, NULL, NULL, NULL, NULL);
INSERT INTO `prod_inst_attr` VALUES (459, 31000003, 230, '15012345678', 1001, '/icon/zj.png', NULL, '20190226164030', '2019-02-27 00:00:00', '2019-03-08 00:00:00', NULL, '0', NULL, NULL, NULL, NULL, NULL);
INSERT INTO `prod_inst_attr` VALUES (460, 21000001, 231, '15012345679', 1002, 'https://timgsa.baidu.com/timg?image&quality=80&size=b9999_10000&sec=1548414262317&di=901454007fe2528a295d783c2e623b15&imgtype=0&src=http%3A%2F%2Fpic165.nipic.com%2Ffile%2F20180518%2F10673188_213842226082_2.jpg', NULL, '20190226165657', '2019-02-26 00:00:00', '2019-02-28 00:00:00', NULL, '0', NULL, NULL, NULL, NULL, NULL);
INSERT INTO `prod_inst_attr` VALUES (461, 21000001, 231, '15012345679', 1001, '/icon/sm.png', NULL, '20190226165657', '2019-02-26 00:00:00', '2019-02-28 00:00:00', NULL, '0', NULL, NULL, NULL, NULL, NULL);
INSERT INTO `prod_inst_attr` VALUES (462, 31000003, 232, '15012345679', 1002, 'https://timgsa.baidu.com/timg?image&quality=80&size=b9999_10000&sec=1548414262317&di=901454007fe2528a295d783c2e623b15&imgtype=0&src=http%3A%2F%2Fpic165.nipic.com%2Ffile%2F20180518%2F10673188_213842226082_2.jpg', NULL, '20190226165657', '2019-02-26 00:00:00', '2019-02-28 00:00:00', NULL, '0', NULL, NULL, NULL, NULL, NULL);
INSERT INTO `prod_inst_attr` VALUES (463, 31000003, 232, '15012345679', 1001, '/icon/zj.png', NULL, '20190226165657', '2019-02-26 00:00:00', '2019-02-28 00:00:00', NULL, '0', NULL, NULL, NULL, NULL, NULL);
INSERT INTO `prod_inst_attr` VALUES (464, 31000001, 233, '15012345679', 1002, 'https://timgsa.baidu.com/timg?image&quality=80&size=b9999_10000&sec=1548414262317&di=901454007fe2528a295d783c2e623b15&imgtype=0&src=http%3A%2F%2Fpic165.nipic.com%2Ffile%2F20180518%2F10673188_213842226082_2.jpg', NULL, '20190226165657', NULL, NULL, NULL, '0', NULL, NULL, NULL, NULL, NULL);
INSERT INTO `prod_inst_attr` VALUES (465, 31000001, 233, '15012345679', 1001, '/icon/zj.png', NULL, '20190226165657', NULL, NULL, NULL, '0', NULL, NULL, NULL, NULL, NULL);
INSERT INTO `prod_inst_attr` VALUES (466, 21000001, 234, '15012345678', 1002, 'https://timgsa.baidu.com/timg?image&quality=80&size=b9999_10000&sec=1548414262317&di=901454007fe2528a295d783c2e623b15&imgtype=0&src=http%3A%2F%2Fpic165.nipic.com%2Ffile%2F20180518%2F10673188_213842226082_2.jpg', NULL, '20190227140846', '2019-02-27 00:00:00', '2019-03-01 00:00:00', NULL, '0', NULL, NULL, NULL, NULL, NULL);
INSERT INTO `prod_inst_attr` VALUES (467, 21000001, 234, '15012345678', 1001, '/icon/sm.png', NULL, '20190227140846', '2019-02-27 00:00:00', '2019-03-01 00:00:00', NULL, '0', NULL, NULL, NULL, NULL, NULL);
INSERT INTO `prod_inst_attr` VALUES (468, 31000003, 235, '15012345678', 1002, 'https://timgsa.baidu.com/timg?image&quality=80&size=b9999_10000&sec=1548414262317&di=901454007fe2528a295d783c2e623b15&imgtype=0&src=http%3A%2F%2Fpic165.nipic.com%2Ffile%2F20180518%2F10673188_213842226082_2.jpg', NULL, '20190227140846', '2019-02-27 00:00:00', '2019-03-01 00:00:00', NULL, '0', NULL, NULL, NULL, NULL, NULL);
INSERT INTO `prod_inst_attr` VALUES (469, 31000003, 235, '15012345678', 1001, '/icon/zj.png', NULL, '20190227140846', '2019-02-27 00:00:00', '2019-03-01 00:00:00', NULL, '0', NULL, NULL, NULL, NULL, NULL);
COMMIT;

-- ----------------------------
-- Table structure for prod_inst_rel
-- ----------------------------
DROP TABLE IF EXISTS `prod_inst_rel`;
CREATE TABLE `prod_inst_rel` (
  `PROD_INST_REL_ID` int(16) NOT NULL AUTO_INCREMENT COMMENT '产品实例关联主键',
  `PROD_INST_ID` int(16) DEFAULT NULL COMMENT '产品实例ID',
  `PAR_PROD_INST_ID` int(16) DEFAULT NULL COMMENT '父产品实例ID',
  `PROD_ID` int(16) DEFAULT NULL,
  `PAR_PROD_ID` int(16) DEFAULT NULL,
  `CUST_ID` varchar(255) DEFAULT NULL,
  `EFF_DATE` datetime DEFAULT NULL COMMENT '生效时间',
  `EXP_DATE` datetime DEFAULT NULL COMMENT '失效时间',
  `ROLE_ID` int(16) DEFAULT NULL COMMENT '角色标识',
  `STATUS_CD` varchar(10) NOT NULL COMMENT '记录状态',
  `CREATE_STAFF` int(16) DEFAULT NULL COMMENT '记录创建的员工',
  `UPDATE_STAFF` int(16) DEFAULT NULL COMMENT '记录修改的员工',
  `CREATE_DATE` datetime DEFAULT NULL COMMENT '记录创建的时间',
  `UPDATE_DATE` datetime DEFAULT NULL COMMENT '记录修改的时间',
  `STATUS_DATE` datetime DEFAULT NULL COMMENT '状态修改的时间',
  `REMARK` varchar(2000) DEFAULT NULL COMMENT '备注',
  PRIMARY KEY (`PROD_INST_REL_ID`) USING BTREE
) ENGINE=InnoDB DEFAULT CHARSET=utf8 COMMENT='产品实例关系';

-- ----------------------------
-- Table structure for prod_rel
-- ----------------------------
DROP TABLE IF EXISTS `prod_rel`;
CREATE TABLE `prod_rel` (
  `PROD_REL_ID` int(16) NOT NULL COMMENT '产品关系标识',
  `PROD_ID` int(9) NOT NULL COMMENT '记录产品标识',
  `PAR_PROD_ID` int(9) NOT NULL COMMENT '记录父产品标识',
  `REL_TYPE` varchar(10) DEFAULT NULL COMMENT '产品关系类型',
  `ROLE_ID` int(16) NOT NULL COMMENT '记录产品关系角色标识',
  `EFF_DATE` datetime DEFAULT NULL COMMENT '记录关系的生效时间',
  `EXP_DATE` datetime DEFAULT NULL COMMENT '记录关系的失效时间',
  `APPLY_REGION_ID` int(16) NOT NULL COMMENT '记录适用的区域范围，来源COMMON_REGION_ID',
  `STATUS_CD` varchar(10) NOT NULL COMMENT '记录状态',
  `CREATE_STAFF` int(16) DEFAULT NULL COMMENT '记录创建的员工',
  `UPDATE_STAFF` int(16) DEFAULT NULL COMMENT '记录修改的员工',
  `CREATE_DATE` datetime DEFAULT NULL COMMENT '记录创建的时间',
  `STATUS_DATE` datetime DEFAULT NULL COMMENT '状态变更的时间',
  `UPDATE_DATE` datetime DEFAULT NULL COMMENT '记录修改的时间',
  `REMARK` varchar(2000) DEFAULT NULL COMMENT '记录备注信息',
  PRIMARY KEY (`PROD_REL_ID`) USING BTREE
) ENGINE=InnoDB DEFAULT CHARSET=utf8 COMMENT='产品关系表';

-- ----------------------------
-- Table structure for product
-- ----------------------------
DROP TABLE IF EXISTS `product`;
CREATE TABLE `product` (
  `PROD_ID` int(9) NOT NULL COMMENT '产品的标识，主键',
  `PROD_NBR` varchar(30) DEFAULT NULL COMMENT '记录产品的业务编码',
  `PROD_NAME` varchar(250) DEFAULT NULL COMMENT '记录产品名称',
  `PROD_DESC` varchar(250) DEFAULT NULL COMMENT '记录产品描述',
  `FACTORY_PRICING` varchar(255) DEFAULT NULL COMMENT '出厂价',
  `EFF_DATE` datetime DEFAULT NULL COMMENT '记录生效时间',
  `EXP_DATE` datetime DEFAULT NULL COMMENT '记录失效日期',
  `PROD_TYPE` varchar(4) DEFAULT NULL COMMENT '产品类型(0增值服务、1其他)',
  `BASE_OFFER_ID` int(9) DEFAULT NULL COMMENT '指定产品的基础销售品标识，一个产品对应唯一对应一个基础销售品',
  `STATUS_CD` varchar(10) DEFAULT NULL COMMENT '记录产品状态编码',
  `CREATE_STAFF` int(16) DEFAULT NULL COMMENT '记录创建员工',
  `UPDATE_STAFF` int(16) DEFAULT NULL COMMENT '记录修改员工',
  `CREATE_DATE` datetime DEFAULT NULL COMMENT '记录创建的时间',
  `STATUS_DATE` datetime DEFAULT NULL COMMENT '记录状态变更的时间',
  `UPDATE_DATE` datetime DEFAULT NULL COMMENT '记录修改的时间',
  `REMARK` varchar(2000) DEFAULT NULL COMMENT '记录备注信息',
  `TOTAL_RESOURCES` int(255) DEFAULT NULL COMMENT '资源总量',
  PRIMARY KEY (`PROD_ID`) USING BTREE
) ENGINE=InnoDB DEFAULT CHARSET=utf8 COMMENT='产品表';

-- ----------------------------
-- Records of product
-- ----------------------------
BEGIN;
INSERT INTO `product` VALUES (10000001, NULL, '主机-cpu监控', '对主机的CPU监控', NULL, NULL, NULL, 'M', NULL, '已上架', NULL, NULL, NULL, NULL, NULL, NULL, 10000);
INSERT INTO `product` VALUES (10000002, NULL, '主机-内存监控', '对主机的内存监控', NULL, NULL, NULL, 'M', NULL, '已上架', NULL, NULL, NULL, NULL, NULL, NULL, 10000);
INSERT INTO `product` VALUES (10000003, NULL, '主机-I/O监控', '对主机I/O的监控', NULL, NULL, NULL, 'M', NULL, '已上架', NULL, NULL, NULL, NULL, NULL, NULL, 10000);
INSERT INTO `product` VALUES (21000001, NULL, '主机监控', '对主机性能的监控', '30', NULL, NULL, 'M', NULL, '已上架', NULL, NULL, NULL, NULL, NULL, NULL, 10000);
INSERT INTO `product` VALUES (21000002, NULL, 'docker监控', '对Docker监控', '30', NULL, NULL, 'M', NULL, '已上架', NULL, NULL, NULL, NULL, NULL, NULL, 10000);
INSERT INTO `product` VALUES (31000001, NULL, '上门安装', '提供上门安装服务', '30', NULL, NULL, 'A', NULL, NULL, NULL, NULL, NULL, NULL, NULL, NULL, NULL);
INSERT INTO `product` VALUES (31000002, NULL, '在线安装', '提供在线安装服务', '30', NULL, NULL, 'A', NULL, NULL, NULL, NULL, NULL, NULL, NULL, NULL, NULL);
INSERT INTO `product` VALUES (31000003, NULL, '在线服务', '提供在线答疑服务', '30', NULL, NULL, 'A', NULL, NULL, NULL, NULL, NULL, NULL, NULL, NULL, NULL);
COMMIT;

-- ----------------------------
-- Table structure for resources_occupation
-- ----------------------------
DROP TABLE IF EXISTS `resources_occupation`;
CREATE TABLE `resources_occupation` (
  `id` int(30) NOT NULL AUTO_INCREMENT,
  `SERIAL` varchar(255) DEFAULT NULL,
  `OFFER_ID` int(11) DEFAULT NULL,
  `PROD_ID` int(11) DEFAULT NULL,
  `RESOURCES_NUM` int(11) DEFAULT NULL COMMENT '占用资源数量',
  `START_DATE` date DEFAULT NULL COMMENT '开始日期',
  `END_DATE` date DEFAULT NULL COMMENT '结束日期',
  `START_TIME` time DEFAULT NULL COMMENT '开始时间',
  `END_TIME` time DEFAULT NULL COMMENT '结束时间',
  `OCCUPY_TYPE` tinyint(10) DEFAULT NULL COMMENT '（0临时占用、1长期占用）',
  `OCCUPY_STATU` varchar(255) DEFAULT NULL,
  `RECORD_TIME` datetime DEFAULT NULL COMMENT '创建时间',
  PRIMARY KEY (`id`) USING BTREE
) ENGINE=InnoDB AUTO_INCREMENT=23 DEFAULT CHARSET=utf8;

-- ----------------------------
-- Records of resources_occupation
-- ----------------------------
BEGIN;
INSERT INTO `resources_occupation` VALUES (7, '20190221161050', 20000000, 21000001, 3, '2019-02-22', '2019-02-22', NULL, NULL, 1, NULL, '2019-02-21 16:10:52');
INSERT INTO `resources_occupation` VALUES (8, '20190221161050', 20000000, 21000001, 3, '2019-02-22', '2019-02-22', NULL, NULL, 1, NULL, '2019-02-21 16:10:54');
INSERT INTO `resources_occupation` VALUES (9, '20190221161050', 20000000, 21000001, 3, '2019-02-22', '2019-02-22', NULL, NULL, 1, NULL, '2019-02-21 16:10:57');
INSERT INTO `resources_occupation` VALUES (10, '20190221162531', 20000000, 21000001, 3, '2019-02-22', '2019-02-22', NULL, NULL, 1, NULL, '2019-02-21 16:25:32');
INSERT INTO `resources_occupation` VALUES (11, '20190221162531', 20000000, 21000001, 3, '2019-02-22', '2019-02-22', NULL, NULL, 1, NULL, '2019-02-21 16:25:35');
INSERT INTO `resources_occupation` VALUES (12, '20190221162531', 20000000, 21000001, 3, '2019-02-22', '2019-02-22', NULL, NULL, 1, NULL, '2019-02-21 16:25:38');
INSERT INTO `resources_occupation` VALUES (13, '20190225171119', 20000000, 21000001, 2, '2019-02-05', '2019-02-09', NULL, NULL, 1, NULL, '2019-02-25 17:11:21');
INSERT INTO `resources_occupation` VALUES (14, '20190225171119', 21000000, 21000001, 1, '2019-02-05', '2019-02-09', NULL, NULL, 1, NULL, '2019-02-25 17:11:23');
INSERT INTO `resources_occupation` VALUES (15, '20190226112535', 21000000, 21000001, 2, '2019-02-05', '2019-02-09', NULL, NULL, 1, NULL, '2019-02-26 11:25:37');
INSERT INTO `resources_occupation` VALUES (16, '20190226112535', 21000000, 21000001, 1, '2019-03-01', '2019-03-29', NULL, NULL, 1, NULL, '2019-02-26 11:25:39');
INSERT INTO `resources_occupation` VALUES (17, '20190226134758', 20000000, 21000001, 1, '2019-02-27', '2019-03-21', NULL, NULL, 1, NULL, '2019-02-26 13:48:00');
INSERT INTO `resources_occupation` VALUES (18, '20190226152637', 20000000, 21000001, 1, '2019-02-28', '2019-03-15', NULL, NULL, 1, NULL, '2019-02-26 15:26:39');
INSERT INTO `resources_occupation` VALUES (19, '20190226152637', 21000000, 21000001, 1, '2019-02-27', '2019-03-06', NULL, NULL, 1, NULL, '2019-02-26 15:26:40');
INSERT INTO `resources_occupation` VALUES (20, '20190226164030', 20000000, 21000001, 1, '2019-02-27', '2019-03-08', NULL, NULL, 1, NULL, '2019-02-26 16:40:32');
INSERT INTO `resources_occupation` VALUES (21, '20190226165657', 20000000, 21000001, 1, '2019-02-26', '2019-02-28', NULL, NULL, 1, NULL, '2019-02-26 16:56:58');
INSERT INTO `resources_occupation` VALUES (22, '20190227140846', 20000000, 21000001, 1, '2019-02-27', '2019-03-01', NULL, NULL, 1, NULL, '2019-02-27 14:08:46');
COMMIT;

-- ----------------------------
-- Table structure for user_attr
-- ----------------------------
DROP TABLE IF EXISTS `user_attr`;
CREATE TABLE `user_attr` (
  `user_id` int(11) NOT NULL COMMENT '用户ID',
  `user_name` varchar(255) CHARACTER SET utf8mb4 DEFAULT NULL COMMENT '用户名',
  `attr_name` varchar(255) CHARACTER SET utf8mb4 DEFAULT NULL COMMENT '属性',
  `attr_value` varchar(255) CHARACTER SET utf8mb4 DEFAULT NULL COMMENT '属性值',
  `attr_type` varchar(255) CHARACTER SET utf8mb4 DEFAULT NULL COMMENT '属性类型',
  PRIMARY KEY (`user_id`) USING BTREE
) ENGINE=InnoDB DEFAULT CHARSET=utf8 COMMENT='用户扩展属性表';

-- ----------------------------
-- Table structure for user_estate
-- ----------------------------
DROP TABLE IF EXISTS `user_estate`;
CREATE TABLE `user_estate` (
  `user_id` int(11) NOT NULL COMMENT '用户ID',
  `user_name` varchar(20) CHARACTER SET utf8mb4 NOT NULL COMMENT '用户名',
  `balance` float(32,2) DEFAULT NULL COMMENT '余额',
  `senior` int(2) DEFAULT NULL COMMENT '星级',
  `senior_expiry_date` datetime DEFAULT NULL COMMENT '星级到期日',
  `credits` int(16) DEFAULT NULL COMMENT '积分',
  PRIMARY KEY (`user_id`,`user_name`) USING BTREE
) ENGINE=InnoDB DEFAULT CHARSET=utf8 COMMENT='用户财产信息表';

-- ----------------------------
-- Table structure for user_info
-- ----------------------------
DROP TABLE IF EXISTS `user_info`;
CREATE TABLE `user_info` (
  `id` int(11) NOT NULL AUTO_INCREMENT COMMENT 'ID',
  `user_name` varchar(20) CHARACTER SET utf8mb4 NOT NULL COMMENT '用户名',
  `wechat_id` varchar(32) CHARACTER SET utf8mb4 DEFAULT '' COMMENT '微信号',
  `cell_phone` varchar(20) NOT NULL DEFAULT '0' COMMENT '手机号',
  `email` varchar(64) CHARACTER SET utf8mb4 DEFAULT '' COMMENT '邮箱',
  `password` varchar(255) CHARACTER SET utf8mb4 NOT NULL COMMENT '密码',
  `contact_address` varchar(255) CHARACTER SET utf8mb4 DEFAULT '' COMMENT '常用地址',
  `register_date` datetime DEFAULT NULL COMMENT '注册日期',
  `open_id` varchar(256) DEFAULT NULL COMMENT '微信用户唯一标识',
  `status` int(1) DEFAULT NULL COMMENT '状态 0，登录，1，登出，2，停用',
  PRIMARY KEY (`id`,`cell_phone`) USING BTREE
) ENGINE=InnoDB AUTO_INCREMENT=10000018 DEFAULT CHARSET=utf8 COMMENT='用户基本信息表';

-- ----------------------------
-- Records of user_info
-- ----------------------------
BEGIN;
INSERT INTO `user_info` VALUES (10000009, '15012345678', '', '15012345678', '', '123456', '', NULL, 'okmwo45RUgii_JwxC6h0zAquBTdU', 1);
INSERT INTO `user_info` VALUES (10000010, '13011223344', '', '13011223344', '', '123456', '', NULL, 'okmwo45RUgii_JwxC6h0zAquBTdU', 1);
INSERT INTO `user_info` VALUES (10000011, '16011223344', '', '16011223344', '', '123456', '', NULL, 'okmwo45RUgii_JwxC6h0zAquBTdU', 1);
INSERT INTO `user_info` VALUES (10000012, 'tyhet', '', 'tyhet', '', 'eryh', '', NULL, 'okmwo45RUgii_JwxC6h0zAquBTdU', 1);
INSERT INTO `user_info` VALUES (10000013, 'dsh', '', 'dsh', '', 'geyhg', '', NULL, 'okmwo45RUgii_JwxC6h0zAquBTdU', 1);
INSERT INTO `user_info` VALUES (10000014, '15012345679', '', '15012345679', '', '123456', '', NULL, 'okmwo45RUgii_JwxC6h0zAquBTdU', 0);
INSERT INTO `user_info` VALUES (10000015, '15121099550', '', '15121099550', '', 'xcq6349', '', NULL, 'okmwo45RUgii_JwxC6h0zAquBTdU', 0);
INSERT INTO `user_info` VALUES (10000016, '123456', '', '123456', '', '12345', '', NULL, 'okmwo47UX69tK51IFyQjrI_kCZNY', 1);
INSERT INTO `user_info` VALUES (10000017, 'wubo', '', 'wubo', '', 'wubo', '', NULL, 'okmwo4__KNVVjA8UG3YKWhgZcUC4', 0);
COMMIT;

SET FOREIGN_KEY_CHECKS = 1;
